{"displayname":"RealEnergyImport (kWh)","hwid":"PowerMeter-0a:01:01:01:01:01","sourcetimestamp":"2018-12-04T20:22:50.0000000Z","value":2693586.75}
{"displayname":"RealEnergyImport (kWh)","hwid":"PowerMeter-0a:01:01:01:01:01","sourcetimestamp":"2018-12-04T20:22:54.0000000Z","value":2693586.75}
{"displayname":"RealEnergyImport (kWh)","hwid":"PowerMeter-0a:01:01:01:01:01","sourcetimestamp":"2018-12-04T20:22:58.0000000Z","value":2693586.75}
{"displayname":"RealEnergyImport (kWh)","hwid":"PowerMeter-0a:01:01:01:01:01","sourcetimestamp":"2018-12-04T20:23:03.0000000Z","value":2693586.75}
{"displayname":"RealEnergyImport (kWh)","hwid":"PowerMeter-0a:01:01:01:01:01","sourcetimestamp":"2018-12-04T20:23:07.0000000Z","value":2693586.75}
{"displayname":"RealEnergyImport (kWh)","hwid":"PowerMeter-0a:01:01:01:01:01","sourcetimestamp":"2018-12-04T20:23:11.0000000Z","value":2693587}
{"displayname":"RealEnergyImport (kWh)","hwid":"PowerMeter-0a:01:01:01:01:01","sourcetimestamp":"2018-12-04T20:23:15.0000000Z","value":2693587}
{"displayname":"RealEnergyImport (kWh)","hwid":"PowerMeter-0a:01:01:01:01:01","sourcetimestamp":"2018-12-04T20:23:19.0000000Z","value":2693587}
{"displayname":"RealEnergyImport (kWh)","hwid":"PowerMeter-0a:01:01:01:01:01","sourcetimestamp":"2018-12-04T20:23:23.0000000Z","value":2693587}
{"displayname":"RealEnergyImport (kWh)","hwid":"PowerMeter-0a:01:01:01:01:01","sourcetimestamp":"2018-12-04T20:23:27.0000000Z","value":2693587}
{"displayname":"RealEnergyImport (kWh)","hwid":"PowerMeter-0a:01:01:01:01:01","sourcetimestamp":"2018-12-04T20:23:31.0000000Z","value":2693587.25}
{"displayname":"RealEnergyImport (kWh)","hwid":"PowerMeter-0a:01:01:01:01:01","sourcetimestamp":"2018-12-04T20:23:35.0000000Z","value":2693587.25}
{"displayname":"RealEnergyImport (kWh)","hwid":"PowerMeter-0a:01:01:01:01:01","sourcetimestamp":"2018-12-04T20:23:40.0000000Z","value":2693587.25}
{"displayname":"RealEnergyImport (kWh)","hwid":"PowerMeter-0a:01:01:01:01:01","sourcetimestamp":"2018-12-04T20:23:44.0000000Z","value":2693587.25}
{"displayname":"RealEnergyImport (kWh)","hwid":"PowerMeter-0a:01:01:01:01:01","sourcetimestamp":"2018-12-04T20:23:48.0000000Z","value":2693587.5}
{"displayname":"RealEnergyImport (kWh)","hwid":"PowerMeter-0a:01:01:01:01:01","sourcetimestamp":"2018-12-04T20:23:52.0000000Z","value":2693587.5}
{"displayname":"RealEnergyImport (kWh)","hwid":"PowerMeter-0a:01:01:01:01:01","sourcetimestamp":"2018-12-04T20:23:56.0000000Z","value":2693587.5}
{"displayname":"RealEnergyImport (kWh)","hwid":"PowerMeter-0a:01:01:01:01:01","sourcetimestamp":"2018-12-04T20:24:01.0000000Z","value":2693587.5}
{"displayname":"RealEnergyImport (kWh)","hwid":"PowerMeter-0a:01:01:01:01:01","sourcetimestamp":"2018-12-04T20:24:05.0000000Z","value":2693587.5}
{"displayname":"RealEnergyImport (kWh)","hwid":"PowerMeter-0a:01:01:01:01:01","sourcetimestamp":"2018-12-04T20:24:09.0000000Z","value":2693587.75}
{"displayname":"RealEnergyImport (kWh)","hwid":"PowerMeter-0a:01:01:01:01:01","sourcetimestamp":"2018-12-04T20:24:13.0000000Z","value":2693587.75}
{"displayname":"RealEnergyImport (kWh)","hwid":"PowerMeter-0a:01:01:01:01:01","sourcetimestamp":"2018-12-04T20:24:17.0000000Z","value":2693587.75}
{"displayname":"RealEnergyImport (kWh)","hwid":"PowerMeter-0a:01:01:01:01:01","sourcetimestamp":"2018-12-04T20:24:21.0000000Z","value":2693587.75}
{"displayname":"RealEnergyImport (kWh)","hwid":"PowerMeter-0a:01:01:01:01:01","sourcetimestamp":"2018-12-04T20:24:25.0000000Z","value":2693587.75}
{"displayname":"RealEnergyImport (kWh)","hwid":"PowerMeter-0a:01:01:01:01:01","sourcetimestamp":"2018-12-04T20:24:29.0000000Z","value":2693588}
{"displayname":"RealEnergyImport (kWh)","hwid":"PowerMeter-0a:01:01:01:01:01","sourcetimestamp":"2018-12-04T20:24:33.0000000Z","value":2693588}
{"displayname":"RealEnergyImport (kWh)","hwid":"PowerMeter-0a:01:01:01:01:01","sourcetimestamp":"2018-12-04T20:24:37.0000000Z","value":2693588}
{"displayname":"RealEnergyImport (kWh)","hwid":"PowerMeter-0a:01:01:01:01:01","sourcetimestamp":"2018-12-04T20:24:42.0000000Z","value":2693588}
{"displayname":"RealEnergyImport (kWh)","hwid":"PowerMeter-0a:01:01:01:01:01","sourcetimestamp":"2018-12-04T20:24:46.0000000Z","value":2693588.25}
{"displayname":"RealEnergyImport (kWh)","hwid":"PowerMeter-0a:01:01:01:01:01","sourcetimestamp":"2018-12-04T20:24:51.0000000Z","value":2693588.25}
{"displayname":"RealEnergyImport (kWh)","hwid":"PowerMeter-0a:01:01:01:01:01","sourcetimestamp":"2018-12-04T20:24:55.0000000Z","value":2693588.25}
{"displayname":"RealEnergyImport (kWh)","hwid":"PowerMeter-0a:01:01:01:01:01","sourcetimestamp":"2018-12-04T20:24:59.0000000Z","value":2693588.25}
{"displayname":"RealEnergyImport (kWh)","hwid":"PowerMeter-0a:01:01:01:01:01","sourcetimestamp":"2018-12-04T20:25:03.0000000Z","value":2693588.25}
{"displayname":"RealEnergyImport (kWh)","hwid":"PowerMeter-0a:01:01:01:01:01","sourcetimestamp":"2018-12-04T20:25:07.0000000Z","value":2693588.5}
{"displayname":"RealEnergyImport (kWh)","hwid":"PowerMeter-0a:01:01:01:01:01","sourcetimestamp":"2018-12-04T20:25:11.0000000Z","value":2693588.5}
{"displayname":"RealEnergyImport (kWh)","hwid":"PowerMeter-0a:01:01:01:01:01","sourcetimestamp":"2018-12-04T20:25:15.0000000Z","value":2693588.5}
{"displayname":"RealEnergyImport (kWh)","hwid":"PowerMeter-0a:01:01:01:01:01","sourcetimestamp":"2018-12-04T20:25:19.0000000Z","value":2693588.5}
{"displayname":"RealEnergyImport (kWh)","hwid":"PowerMeter-0a:01:01:01:01:01","sourcetimestamp":"2018-12-04T20:25:23.0000000Z","value":2693588.5}
{"displayname":"RealEnergyImport (kWh)","hwid":"PowerMeter-0a:01:01:01:01:01","sourcetimestamp":"2018-12-04T20:25:29.0000000Z","value":2693588.75}
{"displayname":"RealEnergyImport (kWh)","hwid":"PowerMeter-0a:01:01:01:01:01","sourcetimestamp":"2018-12-04T20:25:33.0000000Z","value":2693588.75}
{"displayname":"RealEnergyImport (kWh)","hwid":"PowerMeter-0a:01:01:01:01:01","sourcetimestamp":"2018-12-04T20:25:37.0000000Z","value":2693588.75}
{"displayname":"RealEnergyImport (kWh)","hwid":"PowerMeter-0a:01:01:01:01:01","sourcetimestamp":"2018-12-04T20:25:41.0000000Z","value":2693588.75}
{"displayname":"RealEnergyImport (kWh)","hwid":"PowerMeter-0a:01:01:01:01:01","sourcetimestamp":"2018-12-04T20:25:45.0000000Z","value":2693589}
{"displayname":"RealEnergyImport (kWh)","hwid":"PowerMeter-0a:01:01:01:01:01","sourcetimestamp":"2018-12-04T20:25:49.0000000Z","value":2693589}
{"displayname":"RealEnergyImport (kWh)","hwid":"PowerMeter-0a:01:01:01:01:01","sourcetimestamp":"2018-12-04T20:25:53.0000000Z","value":2693589}
{"displayname":"RealEnergyImport (kWh)","hwid":"PowerMeter-0a:01:01:01:01:01","sourcetimestamp":"2018-12-04T20:25:57.0000000Z","value":2693589}
{"displayname":"RealEnergyImport (kWh)","hwid":"PowerMeter-0a:01:01:01:01:01","sourcetimestamp":"2018-12-04T20:26:01.0000000Z","value":2693589}
{"displayname":"RealEnergyImport (kWh)","hwid":"PowerMeter-0a:01:01:01:01:01","sourcetimestamp":"2018-12-04T20:26:06.0000000Z","value":2693589.5}
{"displayname":"RealEnergyImport (kWh)","hwid":"PowerMeter-0a:01:01:01:01:01","sourcetimestamp":"2018-12-04T20:26:10.0000000Z","value":2693589.5}
{"displayname":"RealEnergyImport (kWh)","hwid":"PowerMeter-0a:01:01:01:01:01","sourcetimestamp":"2018-12-04T20:26:14.0000000Z","value":2693589.5}
{"displayname":"RealEnergyImport (kWh)","hwid":"PowerMeter-0a:01:01:01:01:01","sourcetimestamp":"2018-12-04T20:26:18.0000000Z","value":2693589.5}
{"displayname":"RealEnergyImport (kWh)","hwid":"PowerMeter-0a:01:01:01:01:01","sourcetimestamp":"2018-12-04T20:26:22.0000000Z","value":2693589.75}
{"displayname":"RealEnergyImport (kWh)","hwid":"PowerMeter-0a:01:01:01:01:01","sourcetimestamp":"2018-12-04T20:26:26.0000000Z","value":2693589.75}
{"displayname":"RealEnergyImport (kWh)","hwid":"PowerMeter-0a:01:01:01:01:01","sourcetimestamp":"2018-12-04T20:26:30.0000000Z","value":2693589.75}
{"displayname":"RealEnergyImport (kWh)","hwid":"PowerMeter-0a:01:01:01:01:01","sourcetimestamp":"2018-12-04T20:26:34.0000000Z","value":2693589.75}
{"displayname":"RealEnergyImport (kWh)","hwid":"PowerMeter-0a:01:01:01:01:01","sourcetimestamp":"2018-12-04T20:26:39.0000000Z","value":2693589.75}
{"displayname":"RealEnergyImport (kWh)","hwid":"PowerMeter-0a:01:01:01:01:01","sourcetimestamp":"2018-12-04T20:26:43.0000000Z","value":2693590}
{"displayname":"RealEnergyImport (kWh)","hwid":"PowerMeter-0a:01:01:01:01:01","sourcetimestamp":"2018-12-04T20:26:47.0000000Z","value":2693590}
{"displayname":"RealEnergyImport (kWh)","hwid":"PowerMeter-0a:01:01:01:01:01","sourcetimestamp":"2018-12-04T20:26:51.0000000Z","value":2693590}
{"displayname":"RealEnergyImport (kWh)","hwid":"PowerMeter-0a:01:01:01:01:01","sourcetimestamp":"2018-12-04T20:26:55.0000000Z","value":2693590}
{"displayname":"RealEnergyImport (kWh)","hwid":"PowerMeter-0a:01:01:01:01:01","sourcetimestamp":"2018-12-04T20:26:59.0000000Z","value":2693590}
{"displayname":"RealEnergyImport (kWh)","hwid":"PowerMeter-0a:01:01:01:01:01","sourcetimestamp":"2018-12-04T20:27:03.0000000Z","value":2693590.25}
{"displayname":"RealEnergyImport (kWh)","hwid":"PowerMeter-0a:01:01:01:01:01","sourcetimestamp":"2018-12-04T20:27:07.0000000Z","value":2693590.25}
{"displayname":"RealEnergyImport (kWh)","hwid":"PowerMeter-0a:01:01:01:01:01","sourcetimestamp":"2018-12-04T20:27:11.0000000Z","value":2693590.25}
{"displayname":"RealEnergyImport (kWh)","hwid":"PowerMeter-0a:01:01:01:01:01","sourcetimestamp":"2018-12-04T20:27:15.0000000Z","value":2693590.25}
{"displayname":"RealEnergyImport (kWh)","hwid":"PowerMeter-0a:01:01:01:01:01","sourcetimestamp":"2018-12-04T20:27:21.0000000Z","value":2693590.5}
{"displayname":"RealEnergyImport (kWh)","hwid":"PowerMeter-0a:01:01:01:01:01","sourcetimestamp":"2018-12-04T20:27:25.0000000Z","value":2693590.5}
{"displayname":"RealEnergyImport (kWh)","hwid":"PowerMeter-0a:01:01:01:01:01","sourcetimestamp":"2018-12-04T20:27:29.0000000Z","value":2693590.5}
{"displayname":"RealEnergyImport (kWh)","hwid":"PowerMeter-0a:01:01:01:01:01","sourcetimestamp":"2018-12-04T20:27:33.0000000Z","value":2693590.5}
{"displayname":"RealEnergyImport (kWh)","hwid":"PowerMeter-0a:01:01:01:01:01","sourcetimestamp":"2018-12-04T20:27:37.0000000Z","value":2693590.5}
{"displayname":"RealEnergyImport (kWh)","hwid":"PowerMeter-0a:01:01:01:01:01","sourcetimestamp":"2018-12-04T20:27:41.0000000Z","value":2693590.75}
{"displayname":"RealEnergyImport (kWh)","hwid":"PowerMeter-0a:01:01:01:01:01","sourcetimestamp":"2018-12-04T20:27:45.0000000Z","value":2693590.75}
{"displayname":"RealEnergyImport (kWh)","hwid":"PowerMeter-0a:01:01:01:01:01","sourcetimestamp":"2018-12-04T20:27:49.0000000Z","value":2693590.75}
{"displayname":"RealEnergyImport (kWh)","hwid":"PowerMeter-0a:01:01:01:01:01","sourcetimestamp":"2018-12-04T20:27:53.0000000Z","value":2693590.75}
{"displayname":"RealEnergyImport (kWh)","hwid":"PowerMeter-0a:01:01:01:01:01","sourcetimestamp":"2018-12-04T20:27:57.0000000Z","value":2693590.75}
{"displayname":"RealEnergyImport (kWh)","hwid":"PowerMeter-0a:01:01:01:01:01","sourcetimestamp":"2018-12-04T20:28:01.0000000Z","value":2693591}
{"displayname":"RealEnergyImport (kWh)","hwid":"PowerMeter-0a:01:01:01:01:01","sourcetimestamp":"2018-12-04T20:28:05.0000000Z","value":2693591}
{"displayname":"RealEnergyImport (kWh)","hwid":"PowerMeter-0a:01:01:01:01:01","sourcetimestamp":"2018-12-04T20:28:10.0000000Z","value":2693591}
{"displayname":"RealEnergyImport (kWh)","hwid":"PowerMeter-0a:01:01:01:01:01","sourcetimestamp":"2018-12-04T20:28:14.0000000Z","value":2693591}
{"displayname":"RealEnergyImport (kWh)","hwid":"PowerMeter-0a:01:01:01:01:01","sourcetimestamp":"2018-12-04T20:28:18.0000000Z","value":2693591}
{"displayname":"RealEnergyImport (kWh)","hwid":"PowerMeter-0a:01:01:01:01:01","sourcetimestamp":"2018-12-04T20:28:22.0000000Z","value":2693591.25}
{"displayname":"RealEnergyImport (kWh)","hwid":"PowerMeter-0a:01:01:01:01:01","sourcetimestamp":"2018-12-04T20:28:26.0000000Z","value":2693591.25}
{"displayname":"RealEnergyImport (kWh)","hwid":"PowerMeter-0a:01:01:01:01:01","sourcetimestamp":"2018-12-04T20:28:30.0000000Z","value":2693591.25}
{"displayname":"RealEnergyImport (kWh)","hwid":"PowerMeter-0a:01:01:01:01:01","sourcetimestamp":"2018-12-04T20:28:34.0000000Z","value":2693591.25}
{"displayname":"RealEnergyImport (kWh)","hwid":"PowerMeter-0a:01:01:01:01:01","sourcetimestamp":"2018-12-04T20:28:39.0000000Z","value":2693591.5}
{"displayname":"RealEnergyImport (kWh)","hwid":"PowerMeter-0a:01:01:01:01:01","sourcetimestamp":"2018-12-04T20:28:43.0000000Z","value":2693591.5}
{"displayname":"RealEnergyImport (kWh)","hwid":"PowerMeter-0a:01:01:01:01:01","sourcetimestamp":"2018-12-04T20:28:47.0000000Z","value":2693591.5}
{"displayname":"RealEnergyImport (kWh)","hwid":"PowerMeter-0a:01:01:01:01:01","sourcetimestamp":"2018-12-04T20:28:51.0000000Z","value":2693591.5}
{"displayname":"RealEnergyImport (kWh)","hwid":"PowerMeter-0a:01:01:01:01:01","sourcetimestamp":"2018-12-04T20:28:55.0000000Z","value":2693591.5}
{"displayname":"RealEnergyImport (kWh)","hwid":"PowerMeter-0a:01:01:01:01:01","sourcetimestamp":"2018-12-04T20:28:59.0000000Z","value":2693591.75}
{"displayname":"RealEnergyImport (kWh)","hwid":"PowerMeter-0a:01:01:01:01:01","sourcetimestamp":"2018-12-04T20:29:03.0000000Z","value":2693591.75}
{"displayname":"RealEnergyImport (kWh)","hwid":"PowerMeter-0a:01:01:01:01:01","sourcetimestamp":"2018-12-04T20:29:07.0000000Z","value":2693591.75}
{"displayname":"RealEnergyImport (kWh)","hwid":"PowerMeter-0a:01:01:01:01:01","sourcetimestamp":"2018-12-04T20:29:13.0000000Z","value":2693591.75}
{"displayname":"RealEnergyImport (kWh)","hwid":"PowerMeter-0a:01:01:01:01:01","sourcetimestamp":"2018-12-04T20:29:17.0000000Z","value":2693591.75}
{"displayname":"RealEnergyImport (kWh)","hwid":"PowerMeter-0a:01:01:01:01:01","sourcetimestamp":"2018-12-04T20:29:21.0000000Z","value":2693592}
{"displayname":"RealEnergyImport (kWh)","hwid":"PowerMeter-0a:01:01:01:01:01","sourcetimestamp":"2018-12-04T20:29:25.0000000Z","value":2693592}
{"displayname":"RealEnergyImport (kWh)","hwid":"PowerMeter-0a:01:01:01:01:01","sourcetimestamp":"2018-12-04T20:29:31.0000000Z","value":2693592}
{"displayname":"RealEnergyImport (kWh)","hwid":"PowerMeter-0a:01:01:01:01:01","sourcetimestamp":"2018-12-04T20:29:35.0000000Z","value":2693592}
{"displayname":"RealEnergyImport (kWh)","hwid":"PowerMeter-0a:01:01:01:01:01","sourcetimestamp":"2018-12-04T20:29:39.0000000Z","value":2693592.25}
{"displayname":"RealEnergyImport (kWh)","hwid":"PowerMeter-0a:01:01:01:01:01","sourcetimestamp":"2018-12-04T20:29:43.0000000Z","value":2693592.25}
{"displayname":"RealEnergyImport (kWh)","hwid":"PowerMeter-0a:01:01:01:01:01","sourcetimestamp":"2018-12-04T20:29:47.0000000Z","value":2693592.25}
{"displayname":"RealEnergyImport (kWh)","hwid":"PowerMeter-0a:01:01:01:01:01","sourcetimestamp":"2018-12-04T20:29:51.0000000Z","value":2693592.25}
{"displayname":"RealEnergyImport (kWh)","hwid":"PowerMeter-0a:01:01:01:01:01","sourcetimestamp":"2018-12-04T20:29:56.0000000Z","value":2693592.25}
{"displayname":"RealEnergyImport (kWh)","hwid":"PowerMeter-0a:01:01:01:01:01","sourcetimestamp":"2018-12-04T20:30:00.0000000Z","value":2693592.5}
{"displayname":"RealEnergyImport (kWh)","hwid":"PowerMeter-0a:01:01:01:01:01","sourcetimestamp":"2018-12-04T20:30:04.0000000Z","value":2693592.5}
{"displayname":"RealEnergyImport (kWh)","hwid":"PowerMeter-0a:01:01:01:01:01","sourcetimestamp":"2018-12-04T20:30:08.0000000Z","value":2693592.5}
{"displayname":"RealEnergyImport (kWh)","hwid":"PowerMeter-0a:01:01:01:01:01","sourcetimestamp":"2018-12-04T20:30:12.0000000Z","value":2693592.5}
{"displayname":"RealEnergyImport (kWh)","hwid":"PowerMeter-0a:01:01:01:01:01","sourcetimestamp":"2018-12-04T20:30:16.0000000Z","value":2693592.5}
{"displayname":"RealEnergyImport (kWh)","hwid":"PowerMeter-0a:01:01:01:01:01","sourcetimestamp":"2018-12-04T20:30:20.0000000Z","value":2693592.75}
{"displayname":"RealEnergyImport (kWh)","hwid":"PowerMeter-0a:01:01:01:01:01","sourcetimestamp":"2018-12-04T20:30:24.0000000Z","value":2693592.75}
{"displayname":"RealEnergyImport (kWh)","hwid":"PowerMeter-0a:01:01:01:01:01","sourcetimestamp":"2018-12-04T20:30:28.0000000Z","value":2693592.75}
{"displayname":"RealEnergyImport (kWh)","hwid":"PowerMeter-0a:01:01:01:01:01","sourcetimestamp":"2018-12-04T20:30:32.0000000Z","value":2693592.75}
{"displayname":"RealEnergyImport (kWh)","hwid":"PowerMeter-0a:01:01:01:01:01","sourcetimestamp":"2018-12-04T20:30:37.0000000Z","value":2693593}
{"displayname":"RealEnergyImport (kWh)","hwid":"PowerMeter-0a:01:01:01:01:01","sourcetimestamp":"2018-12-04T20:30:41.0000000Z","value":2693593}
{"displayname":"RealEnergyImport (kWh)","hwid":"PowerMeter-0a:01:01:01:01:01","sourcetimestamp":"2018-12-04T20:30:45.0000000Z","value":2693593}
{"displayname":"RealEnergyImport (kWh)","hwid":"PowerMeter-0a:01:01:01:01:01","sourcetimestamp":"2018-12-04T20:30:49.0000000Z","value":2693593}
{"displayname":"RealEnergyImport (kWh)","hwid":"PowerMeter-0a:01:01:01:01:01","sourcetimestamp":"2018-12-04T20:30:53.0000000Z","value":2693593}
{"displayname":"RealEnergyImport (kWh)","hwid":"PowerMeter-0a:01:01:01:01:01","sourcetimestamp":"2018-12-04T20:30:57.0000000Z","value":2693593.25}
{"displayname":"RealEnergyImport (kWh)","hwid":"PowerMeter-0a:01:01:01:01:01","sourcetimestamp":"2018-12-04T20:31:01.0000000Z","value":2693593.25}
{"displayname":"RealEnergyImport (kWh)","hwid":"PowerMeter-0a:01:01:01:01:01","sourcetimestamp":"2018-12-04T20:31:05.0000000Z","value":2693593.25}
{"displayname":"RealEnergyImport (kWh)","hwid":"PowerMeter-0a:01:01:01:01:01","sourcetimestamp":"2018-12-04T20:31:09.0000000Z","value":2693593.25}
{"displayname":"RealEnergyImport (kWh)","hwid":"PowerMeter-0a:01:01:01:01:01","sourcetimestamp":"2018-12-04T20:31:13.0000000Z","value":2693593.25}
{"displayname":"RealEnergyImport (kWh)","hwid":"PowerMeter-0a:01:01:01:01:01","sourcetimestamp":"2018-12-04T20:31:17.0000000Z","value":2693593.5}
{"displayname":"RealEnergyImport (kWh)","hwid":"PowerMeter-0a:01:01:01:01:01","sourcetimestamp":"2018-12-04T20:31:22.0000000Z","value":2693593.5}
{"displayname":"RealEnergyImport (kWh)","hwid":"PowerMeter-0a:01:01:01:01:01","sourcetimestamp":"2018-12-04T20:31:26.0000000Z","value":2693593.5}
{"displayname":"RealEnergyImport (kWh)","hwid":"PowerMeter-0a:01:01:01:01:01","sourcetimestamp":"2018-12-04T20:31:30.0000000Z","value":2693593.5}
{"displayname":"RealEnergyImport (kWh)","hwid":"PowerMeter-0a:01:01:01:01:01","sourcetimestamp":"2018-12-04T20:31:34.0000000Z","value":2693593.5}
{"displayname":"RealEnergyImport (kWh)","hwid":"PowerMeter-0a:01:01:01:01:01","sourcetimestamp":"2018-12-04T20:31:38.0000000Z","value":2693593.75}
{"displayname":"RealEnergyImport (kWh)","hwid":"PowerMeter-0a:01:01:01:01:01","sourcetimestamp":"2018-12-04T20:31:42.0000000Z","value":2693593.75}
{"displayname":"RealEnergyImport (kWh)","hwid":"PowerMeter-0a:01:01:01:01:01","sourcetimestamp":"2018-12-04T20:31:46.0000000Z","value":2693593.75}
{"displayname":"RealEnergyImport (kWh)","hwid":"PowerMeter-0a:01:01:01:01:01","sourcetimestamp":"2018-12-04T20:31:50.0000000Z","value":2693593.75}
{"displayname":"RealEnergyImport (kWh)","hwid":"PowerMeter-0a:01:01:01:01:01","sourcetimestamp":"2018-12-04T20:31:54.0000000Z","value":2693593.75}
{"displayname":"RealEnergyImport (kWh)","hwid":"PowerMeter-0a:01:01:01:01:01","sourcetimestamp":"2018-12-04T20:31:58.0000000Z","value":2693594}
{"displayname":"RealEnergyImport (kWh)","hwid":"PowerMeter-0a:01:01:01:01:01","sourcetimestamp":"2018-12-04T20:32:02.0000000Z","value":2693594}
{"displayname":"RealEnergyImport (kWh)","hwid":"PowerMeter-0a:01:01:01:01:01","sourcetimestamp":"2018-12-04T20:32:06.0000000Z","value":2693594}
{"displayname":"RealEnergyImport (kWh)","hwid":"PowerMeter-0a:01:01:01:01:01","sourcetimestamp":"2018-12-04T20:32:10.0000000Z","value":2693594}
{"displayname":"RealEnergyImport (kWh)","hwid":"PowerMeter-0a:01:01:01:01:01","sourcetimestamp":"2018-12-04T20:32:14.0000000Z","value":2693594.25}
{"displayname":"RealEnergyImport (kWh)","hwid":"PowerMeter-0a:01:01:01:01:01","sourcetimestamp":"2018-12-04T20:32:19.0000000Z","value":2693594.25}
{"displayname":"RealEnergyImport (kWh)","hwid":"PowerMeter-0a:01:01:01:01:01","sourcetimestamp":"2018-12-04T20:32:23.0000000Z","value":2693594.25}
{"displayname":"RealEnergyImport (kWh)","hwid":"PowerMeter-0a:01:01:01:01:01","sourcetimestamp":"2018-12-04T20:32:27.0000000Z","value":2693594.25}
{"displayname":"RealEnergyImport (kWh)","hwid":"PowerMeter-0a:01:01:01:01:01","sourcetimestamp":"2018-12-04T20:32:31.0000000Z","value":2693594.25}
{"displayname":"RealEnergyImport (kWh)","hwid":"PowerMeter-0a:01:01:01:01:01","sourcetimestamp":"2018-12-04T20:32:35.0000000Z","value":2693594.5}
{"displayname":"RealEnergyImport (kWh)","hwid":"PowerMeter-0a:01:01:01:01:01","sourcetimestamp":"2018-12-04T20:32:39.0000000Z","value":2693594.5}
{"displayname":"RealEnergyImport (kWh)","hwid":"PowerMeter-0a:01:01:01:01:01","sourcetimestamp":"2018-12-04T20:32:43.0000000Z","value":2693594.5}
{"displayname":"RealEnergyImport (kWh)","hwid":"PowerMeter-0a:01:01:01:01:01","sourcetimestamp":"2018-12-04T20:32:47.0000000Z","value":2693594.5}
{"displayname":"RealEnergyImport (kWh)","hwid":"PowerMeter-0a:01:01:01:01:01","sourcetimestamp":"2018-12-04T20:32:51.0000000Z","value":2693594.5}
{"displayname":"RealEnergyImport (kWh)","hwid":"PowerMeter-0a:01:01:01:01:01","sourcetimestamp":"2018-12-04T20:32:55.0000000Z","value":2693594.75}
{"displayname":"RealEnergyImport (kWh)","hwid":"PowerMeter-0a:01:01:01:01:01","sourcetimestamp":"2018-12-04T20:32:59.0000000Z","value":2693594.75}
{"displayname":"RealEnergyImport (kWh)","hwid":"PowerMeter-0a:01:01:01:01:01","sourcetimestamp":"2018-12-04T20:33:03.0000000Z","value":2693594.75}
{"displayname":"RealEnergyImport (kWh)","hwid":"PowerMeter-0a:01:01:01:01:01","sourcetimestamp":"2018-12-04T20:33:07.0000000Z","value":2693594.75}
{"displayname":"RealEnergyImport (kWh)","hwid":"PowerMeter-0a:01:01:01:01:01","sourcetimestamp":"2018-12-04T20:33:11.0000000Z","value":2693594.75}
{"displayname":"RealEnergyImport (kWh)","hwid":"PowerMeter-0a:01:01:01:01:01","sourcetimestamp":"2018-12-04T20:33:15.0000000Z","value":2693595}
{"displayname":"RealEnergyImport (kWh)","hwid":"PowerMeter-0a:01:01:01:01:01","sourcetimestamp":"2018-12-04T20:33:20.0000000Z","value":2693595}
{"displayname":"RealEnergyImport (kWh)","hwid":"PowerMeter-0a:01:01:01:01:01","sourcetimestamp":"2018-12-04T20:33:24.0000000Z","value":2693595}
{"displayname":"RealEnergyImport (kWh)","hwid":"PowerMeter-0a:01:01:01:01:01","sourcetimestamp":"2018-12-04T20:33:28.0000000Z","value":2693595}
{"displayname":"RealEnergyImport (kWh)","hwid":"PowerMeter-0a:01:01:01:01:01","sourcetimestamp":"2018-12-04T20:33:32.0000000Z","value":2693595}
{"displayname":"RealEnergyImport (kWh)","hwid":"PowerMeter-0a:01:01:01:01:01","sourcetimestamp":"2018-12-04T20:33:37.0000000Z","value":2693595.25}
{"displayname":"RealEnergyImport (kWh)","hwid":"PowerMeter-0a:01:01:01:01:01","sourcetimestamp":"2018-12-04T20:33:41.0000000Z","value":2693595.25}
{"displayname":"RealEnergyImport (kWh)","hwid":"PowerMeter-0a:01:01:01:01:01","sourcetimestamp":"2018-12-04T20:33:45.0000000Z","value":2693595.25}
{"displayname":"RealEnergyImport (kWh)","hwid":"PowerMeter-0a:01:01:01:01:01","sourcetimestamp":"2018-12-04T20:33:50.0000000Z","value":2693595.25}
{"displayname":"RealEnergyImport (kWh)","hwid":"PowerMeter-0a:01:01:01:01:01","sourcetimestamp":"2018-12-04T20:33:56.0000000Z","value":2693595.5}
{"displayname":"RealEnergyImport (kWh)","hwid":"PowerMeter-0a:01:01:01:01:01","sourcetimestamp":"2018-12-04T20:34:00.0000000Z","value":2693595.5}
{"displayname":"RealEnergyImport (kWh)","hwid":"PowerMeter-0a:01:01:01:01:01","sourcetimestamp":"2018-12-04T20:34:04.0000000Z","value":2693595.5}
{"displayname":"RealEnergyImport (kWh)","hwid":"PowerMeter-0a:01:01:01:01:01","sourcetimestamp":"2018-12-04T20:34:09.0000000Z","value":2693595.5}
{"displayname":"RealEnergyImport (kWh)","hwid":"PowerMeter-0a:01:01:01:01:01","sourcetimestamp":"2018-12-04T20:34:13.0000000Z","value":2693595.75}
{"displayname":"RealEnergyImport (kWh)","hwid":"PowerMeter-0a:01:01:01:01:01","sourcetimestamp":"2018-12-04T20:34:17.0000000Z","value":2693595.75}
{"displayname":"RealEnergyImport (kWh)","hwid":"PowerMeter-0a:01:01:01:01:01","sourcetimestamp":"2018-12-04T20:34:21.0000000Z","value":2693595.75}
{"displayname":"RealEnergyImport (kWh)","hwid":"PowerMeter-0a:01:01:01:01:01","sourcetimestamp":"2018-12-04T20:34:25.0000000Z","value":2693595.75}
{"displayname":"RealEnergyImport (kWh)","hwid":"PowerMeter-0a:01:01:01:01:01","sourcetimestamp":"2018-12-04T20:34:30.0000000Z","value":2693595.75}
{"displayname":"RealEnergyImport (kWh)","hwid":"PowerMeter-0a:01:01:01:01:01","sourcetimestamp":"2018-12-04T20:34:34.0000000Z","value":2693596}
{"displayname":"RealEnergyImport (kWh)","hwid":"PowerMeter-0a:01:01:01:01:01","sourcetimestamp":"2018-12-04T20:34:38.0000000Z","value":2693596}
{"displayname":"RealEnergyImport (kWh)","hwid":"PowerMeter-0a:01:01:01:01:01","sourcetimestamp":"2018-12-04T20:34:42.0000000Z","value":2693596}
{"displayname":"RealEnergyImport (kWh)","hwid":"PowerMeter-0a:01:01:01:01:01","sourcetimestamp":"2018-12-04T20:34:46.0000000Z","value":2693596}
{"displayname":"RealEnergyImport (kWh)","hwid":"PowerMeter-0a:01:01:01:01:01","sourcetimestamp":"2018-12-04T20:34:50.0000000Z","value":2693596}
{"displayname":"RealEnergyImport (kWh)","hwid":"PowerMeter-0a:01:01:01:01:01","sourcetimestamp":"2018-12-04T20:34:54.0000000Z","value":2693596.25}
{"displayname":"RealEnergyImport (kWh)","hwid":"PowerMeter-0a:01:01:01:01:01","sourcetimestamp":"2018-12-04T20:34:58.0000000Z","value":2693596.25}
{"displayname":"RealEnergyImport (kWh)","hwid":"PowerMeter-0a:01:01:01:01:01","sourcetimestamp":"2018-12-04T20:35:02.0000000Z","value":2693596.25}
{"displayname":"RealEnergyImport (kWh)","hwid":"PowerMeter-0a:01:01:01:01:01","sourcetimestamp":"2018-12-04T20:35:06.0000000Z","value":2693596.25}
{"displayname":"RealEnergyImport (kWh)","hwid":"PowerMeter-0a:01:01:01:01:01","sourcetimestamp":"2018-12-04T20:35:10.0000000Z","value":2693596.25}
{"displayname":"RealEnergyImport (kWh)","hwid":"PowerMeter-0a:01:01:01:01:01","sourcetimestamp":"2018-12-04T20:35:14.0000000Z","value":2693596.5}
{"displayname":"RealEnergyImport (kWh)","hwid":"PowerMeter-0a:01:01:01:01:01","sourcetimestamp":"2018-12-04T20:35:19.0000000Z","value":2693596.5}
{"displayname":"RealEnergyImport (kWh)","hwid":"PowerMeter-0a:01:01:01:01:01","sourcetimestamp":"2018-12-04T20:35:23.0000000Z","value":2693596.5}
{"displayname":"RealEnergyImport (kWh)","hwid":"PowerMeter-0a:01:01:01:01:01","sourcetimestamp":"2018-12-04T20:35:27.0000000Z","value":2693596.5}
{"displayname":"RealEnergyImport (kWh)","hwid":"PowerMeter-0a:01:01:01:01:01","sourcetimestamp":"2018-12-04T20:35:31.0000000Z","value":2693596.5}
{"displayname":"RealEnergyImport (kWh)","hwid":"PowerMeter-0a:01:01:01:01:01","sourcetimestamp":"2018-12-04T20:35:35.0000000Z","value":2693596.75}
{"displayname":"RealEnergyImport (kWh)","hwid":"PowerMeter-0a:01:01:01:01:01","sourcetimestamp":"2018-12-04T20:35:39.0000000Z","value":2693596.75}
{"displayname":"RealEnergyImport (kWh)","hwid":"PowerMeter-0a:01:01:01:01:01","sourcetimestamp":"2018-12-04T20:35:43.0000000Z","value":2693596.75}
{"displayname":"RealEnergyImport (kWh)","hwid":"PowerMeter-0a:01:01:01:01:01","sourcetimestamp":"2018-12-04T20:35:47.0000000Z","value":2693596.75}
{"displayname":"RealEnergyImport (kWh)","hwid":"PowerMeter-0a:01:01:01:01:01","sourcetimestamp":"2018-12-04T20:35:51.0000000Z","value":2693596.75}
{"displayname":"RealEnergyImport (kWh)","hwid":"PowerMeter-0a:01:01:01:01:01","sourcetimestamp":"2018-12-04T20:35:55.0000000Z","value":2693597}
{"displayname":"RealEnergyImport (kWh)","hwid":"PowerMeter-0a:01:01:01:01:01","sourcetimestamp":"2018-12-04T20:36:01.0000000Z","value":2693597}
{"displayname":"RealEnergyImport (kWh)","hwid":"PowerMeter-0a:01:01:01:01:01","sourcetimestamp":"2018-12-04T20:36:05.0000000Z","value":2693597}
{"displayname":"RealEnergyImport (kWh)","hwid":"PowerMeter-0a:01:01:01:01:01","sourcetimestamp":"2018-12-04T20:36:09.0000000Z","value":2693597}
{"displayname":"RealEnergyImport (kWh)","hwid":"PowerMeter-0a:01:01:01:01:01","sourcetimestamp":"2018-12-04T20:36:13.0000000Z","value":2693597.25}
{"displayname":"RealEnergyImport (kWh)","hwid":"PowerMeter-0a:01:01:01:01:01","sourcetimestamp":"2018-12-04T20:36:17.0000000Z","value":2693597.25}
{"displayname":"RealEnergyImport (kWh)","hwid":"PowerMeter-0a:01:01:01:01:01","sourcetimestamp":"2018-12-04T20:36:21.0000000Z","value":2693597.25}
{"displayname":"RealEnergyImport (kWh)","hwid":"PowerMeter-0a:01:01:01:01:01","sourcetimestamp":"2018-12-04T20:36:25.0000000Z","value":2693597.25}
{"displayname":"RealEnergyImport (kWh)","hwid":"PowerMeter-0a:01:01:01:01:01","sourcetimestamp":"2018-12-04T20:36:29.0000000Z","value":2693597.25}
{"displayname":"RealEnergyImport (kWh)","hwid":"PowerMeter-0a:01:01:01:01:01","sourcetimestamp":"2018-12-04T20:36:34.0000000Z","value":2693597.5}
{"displayname":"RealEnergyImport (kWh)","hwid":"PowerMeter-0a:01:01:01:01:01","sourcetimestamp":"2018-12-04T20:36:38.0000000Z","value":2693597.5}
{"displayname":"RealEnergyImport (kWh)","hwid":"PowerMeter-0a:01:01:01:01:01","sourcetimestamp":"2018-12-04T20:36:42.0000000Z","value":2693597.5}
{"displayname":"RealEnergyImport (kWh)","hwid":"PowerMeter-0a:01:01:01:01:01","sourcetimestamp":"2018-12-04T20:36:46.0000000Z","value":2693597.5}
{"displayname":"RealEnergyImport (kWh)","hwid":"PowerMeter-0a:01:01:01:01:01","sourcetimestamp":"2018-12-04T20:36:51.0000000Z","value":2693597.5}
{"displayname":"RealEnergyImport (kWh)","hwid":"PowerMeter-0a:01:01:01:01:01","sourcetimestamp":"2018-12-04T20:36:55.0000000Z","value":2693597.75}
{"displayname":"RealEnergyImport (kWh)","hwid":"PowerMeter-0a:01:01:01:01:01","sourcetimestamp":"2018-12-04T20:36:59.0000000Z","value":2693597.75}
{"displayname":"RealEnergyImport (kWh)","hwid":"PowerMeter-0a:01:01:01:01:01","sourcetimestamp":"2018-12-04T20:37:03.0000000Z","value":2693597.75}
{"displayname":"RealEnergyImport (kWh)","hwid":"PowerMeter-0a:01:01:01:01:01","sourcetimestamp":"2018-12-04T20:37:07.0000000Z","value":2693597.75}
{"displayname":"RealEnergyImport (kWh)","hwid":"PowerMeter-0a:01:01:01:01:01","sourcetimestamp":"2018-12-04T20:37:11.0000000Z","value":2693597.75}
{"displayname":"RealEnergyImport (kWh)","hwid":"PowerMeter-0a:01:01:01:01:01","sourcetimestamp":"2018-12-04T20:37:16.0000000Z","value":2693598}
{"displayname":"RealEnergyImport (kWh)","hwid":"PowerMeter-0a:01:01:01:01:01","sourcetimestamp":"2018-12-04T20:37:20.0000000Z","value":2693598}
{"displayname":"RealEnergyImport (kWh)","hwid":"PowerMeter-0a:01:01:01:01:01","sourcetimestamp":"2018-12-04T20:37:24.0000000Z","value":2693598}
{"displayname":"RealEnergyImport (kWh)","hwid":"PowerMeter-0a:01:01:01:01:01","sourcetimestamp":"2018-12-04T20:37:30.0000000Z","value":2693598}
{"displayname":"RealEnergyImport (kWh)","hwid":"PowerMeter-0a:01:01:01:01:01","sourcetimestamp":"2018-12-04T20:37:34.0000000Z","value":2693598.25}
{"displayname":"RealEnergyImport (kWh)","hwid":"PowerMeter-0a:01:01:01:01:01","sourcetimestamp":"2018-12-04T20:37:39.0000000Z","value":2693598.25}
{"displayname":"RealEnergyImport (kWh)","hwid":"PowerMeter-0a:01:01:01:01:01","sourcetimestamp":"2018-12-04T20:37:43.0000000Z","value":2693598.25}
{"displayname":"RealEnergyImport (kWh)","hwid":"PowerMeter-0a:01:01:01:01:01","sourcetimestamp":"2018-12-04T20:37:47.0000000Z","value":2693598.25}
{"displayname":"RealEnergyImport (kWh)","hwid":"PowerMeter-0a:01:01:01:01:01","sourcetimestamp":"2018-12-04T20:37:51.0000000Z","value":2693598.25}
{"displayname":"RealEnergyImport (kWh)","hwid":"PowerMeter-0a:01:01:01:01:01","sourcetimestamp":"2018-12-04T20:37:55.0000000Z","value":2693598.5}
{"displayname":"RealEnergyImport (kWh)","hwid":"PowerMeter-0a:01:01:01:01:01","sourcetimestamp":"2018-12-04T20:37:59.0000000Z","value":2693598.5}
{"displayname":"RealEnergyImport (kWh)","hwid":"PowerMeter-0a:01:01:01:01:01","sourcetimestamp":"2018-12-04T20:38:03.0000000Z","value":2693598.5}
{"displayname":"RealEnergyImport (kWh)","hwid":"PowerMeter-0a:01:01:01:01:01","sourcetimestamp":"2018-12-04T20:38:07.0000000Z","value":2693598.5}
{"displayname":"RealEnergyImport (kWh)","hwid":"PowerMeter-0a:01:01:01:01:01","sourcetimestamp":"2018-12-04T20:38:11.0000000Z","value":2693598.5}
{"displayname":"RealEnergyImport (kWh)","hwid":"PowerMeter-0a:01:01:01:01:01","sourcetimestamp":"2018-12-04T20:38:15.0000000Z","value":2693598.75}
{"displayname":"RealEnergyImport (kWh)","hwid":"PowerMeter-0a:01:01:01:01:01","sourcetimestamp":"2018-12-04T20:38:20.0000000Z","value":2693598.75}
{"displayname":"RealEnergyImport (kWh)","hwid":"PowerMeter-0a:01:01:01:01:01","sourcetimestamp":"2018-12-04T20:38:24.0000000Z","value":2693598.75}
{"displayname":"RealEnergyImport (kWh)","hwid":"PowerMeter-0a:01:01:01:01:01","sourcetimestamp":"2018-12-04T20:38:28.0000000Z","value":2693598.75}
{"displayname":"RealEnergyImport (kWh)","hwid":"PowerMeter-0a:01:01:01:01:01","sourcetimestamp":"2018-12-04T20:38:33.0000000Z","value":2693599}
{"displayname":"RealEnergyImport (kWh)","hwid":"PowerMeter-0a:01:01:01:01:01","sourcetimestamp":"2018-12-04T20:38:37.0000000Z","value":2693599}
{"displayname":"RealEnergyImport (kWh)","hwid":"PowerMeter-0a:01:01:01:01:01","sourcetimestamp":"2018-12-04T20:38:41.0000000Z","value":2693599}
{"displayname":"RealEnergyImport (kWh)","hwid":"PowerMeter-0a:01:01:01:01:01","sourcetimestamp":"2018-12-04T20:38:45.0000000Z","value":2693599}
{"displayname":"RealEnergyImport (kWh)","hwid":"PowerMeter-0a:01:01:01:01:01","sourcetimestamp":"2018-12-04T20:38:49.0000000Z","value":2693599}
{"displayname":"RealEnergyImport (kWh)","hwid":"PowerMeter-0a:01:01:01:01:01","sourcetimestamp":"2018-12-04T20:38:53.0000000Z","value":2693599.25}
{"displayname":"RealEnergyImport (kWh)","hwid":"PowerMeter-0a:01:01:01:01:01","sourcetimestamp":"2018-12-04T20:38:57.0000000Z","value":2693599.25}
{"displayname":"RealEnergyImport (kWh)","hwid":"PowerMeter-0a:01:01:01:01:01","sourcetimestamp":"2018-12-04T20:39:01.0000000Z","value":2693599.25}
{"displayname":"RealEnergyImport (kWh)","hwid":"PowerMeter-0a:01:01:01:01:01","sourcetimestamp":"2018-12-04T20:39:05.0000000Z","value":2693599.25}
{"displayname":"RealEnergyImport (kWh)","hwid":"PowerMeter-0a:01:01:01:01:01","sourcetimestamp":"2018-12-04T20:39:09.0000000Z","value":2693599.25}
{"displayname":"RealEnergyImport (kWh)","hwid":"PowerMeter-0a:01:01:01:01:01","sourcetimestamp":"2018-12-04T20:39:14.0000000Z","value":2693599.5}
{"displayname":"RealEnergyImport (kWh)","hwid":"PowerMeter-0a:01:01:01:01:01","sourcetimestamp":"2018-12-04T20:39:18.0000000Z","value":2693599.5}
{"displayname":"RealEnergyImport (kWh)","hwid":"PowerMeter-0a:01:01:01:01:01","sourcetimestamp":"2018-12-04T20:39:22.0000000Z","value":2693599.5}
{"displayname":"RealEnergyImport (kWh)","hwid":"PowerMeter-0a:01:01:01:01:01","sourcetimestamp":"2018-12-04T20:39:26.0000000Z","value":2693599.5}
{"displayname":"RealEnergyImport (kWh)","hwid":"PowerMeter-0a:01:01:01:01:01","sourcetimestamp":"2018-12-04T20:39:30.0000000Z","value":2693599.5}
{"displayname":"RealEnergyImport (kWh)","hwid":"PowerMeter-0a:01:01:01:01:01","sourcetimestamp":"2018-12-04T20:39:34.0000000Z","value":2693599.75}
{"displayname":"RealEnergyImport (kWh)","hwid":"PowerMeter-0a:01:01:01:01:01","sourcetimestamp":"2018-12-04T20:39:38.0000000Z","value":2693599.75}
{"displayname":"RealEnergyImport (kWh)","hwid":"PowerMeter-0a:01:01:01:01:01","sourcetimestamp":"2018-12-04T20:39:42.0000000Z","value":2693599.75}
{"displayname":"RealEnergyImport (kWh)","hwid":"PowerMeter-0a:01:01:01:01:01","sourcetimestamp":"2018-12-04T20:39:46.0000000Z","value":2693599.75}
{"displayname":"RealEnergyImport (kWh)","hwid":"PowerMeter-0a:01:01:01:01:01","sourcetimestamp":"2018-12-04T20:39:52.0000000Z","value":2693599.75}
{"displayname":"RealEnergyImport (kWh)","hwid":"PowerMeter-0a:01:01:01:01:01","sourcetimestamp":"2018-12-04T20:39:56.0000000Z","value":2693600.25}
{"displayname":"RealEnergyImport (kWh)","hwid":"PowerMeter-0a:01:01:01:01:01","sourcetimestamp":"2018-12-04T20:40:00.0000000Z","value":2693600.25}
{"displayname":"RealEnergyImport (kWh)","hwid":"PowerMeter-0a:01:01:01:01:01","sourcetimestamp":"2018-12-04T20:40:04.0000000Z","value":2693600.25}
{"displayname":"RealEnergyImport (kWh)","hwid":"PowerMeter-0a:01:01:01:01:01","sourcetimestamp":"2018-12-04T20:40:08.0000000Z","value":2693600.25}
{"displayname":"RealEnergyImport (kWh)","hwid":"PowerMeter-0a:01:01:01:01:01","sourcetimestamp":"2018-12-04T20:40:12.0000000Z","value":2693600.5}
{"displayname":"RealEnergyImport (kWh)","hwid":"PowerMeter-0a:01:01:01:01:01","sourcetimestamp":"2018-12-04T20:40:16.0000000Z","value":2693600.5}
{"displayname":"RealEnergyImport (kWh)","hwid":"PowerMeter-0a:01:01:01:01:01","sourcetimestamp":"2018-12-04T20:40:20.0000000Z","value":2693600.5}
{"displayname":"RealEnergyImport (kWh)","hwid":"PowerMeter-0a:01:01:01:01:01","sourcetimestamp":"2018-12-04T20:40:26.0000000Z","value":2693600.5}
{"displayname":"RealEnergyImport (kWh)","hwid":"PowerMeter-0a:01:01:01:01:01","sourcetimestamp":"2018-12-04T20:40:32.0000000Z","value":2693600.5}
{"displayname":"RealEnergyImport (kWh)","hwid":"PowerMeter-0a:01:01:01:01:01","sourcetimestamp":"2018-12-04T20:40:36.0000000Z","value":2693600.75}
{"displayname":"RealEnergyImport (kWh)","hwid":"PowerMeter-0a:01:01:01:01:01","sourcetimestamp":"2018-12-04T20:40:40.0000000Z","value":2693600.75}
{"displayname":"RealEnergyImport (kWh)","hwid":"PowerMeter-0a:01:01:01:01:01","sourcetimestamp":"2018-12-04T20:40:44.0000000Z","value":2693600.75}
{"displayname":"RealEnergyImport (kWh)","hwid":"PowerMeter-0a:01:01:01:01:01","sourcetimestamp":"2018-12-04T20:40:48.0000000Z","value":2693600.75}
{"displayname":"RealEnergyImport (kWh)","hwid":"PowerMeter-0a:01:01:01:01:01","sourcetimestamp":"2018-12-04T20:40:52.0000000Z","value":2693601}
{"displayname":"RealEnergyImport (kWh)","hwid":"PowerMeter-0a:01:01:01:01:01","sourcetimestamp":"2018-12-04T20:40:56.0000000Z","value":2693601}
{"displayname":"RealEnergyImport (kWh)","hwid":"PowerMeter-0a:01:01:01:01:01","sourcetimestamp":"2018-12-04T20:41:00.0000000Z","value":2693601}
{"displayname":"RealEnergyImport (kWh)","hwid":"PowerMeter-0a:01:01:01:01:01","sourcetimestamp":"2018-12-04T20:41:04.0000000Z","value":2693601}
{"displayname":"RealEnergyImport (kWh)","hwid":"PowerMeter-0a:01:01:01:01:01","sourcetimestamp":"2018-12-04T20:41:09.0000000Z","value":2693601}
{"displayname":"RealEnergyImport (kWh)","hwid":"PowerMeter-0a:01:01:01:01:01","sourcetimestamp":"2018-12-04T20:41:13.0000000Z","value":2693601.25}
{"displayname":"RealEnergyImport (kWh)","hwid":"PowerMeter-0a:01:01:01:01:01","sourcetimestamp":"2018-12-04T20:41:17.0000000Z","value":2693601.25}
{"displayname":"RealEnergyImport (kWh)","hwid":"PowerMeter-0a:01:01:01:01:01","sourcetimestamp":"2018-12-04T20:41:21.0000000Z","value":2693601.25}
{"displayname":"RealEnergyImport (kWh)","hwid":"PowerMeter-0a:01:01:01:01:01","sourcetimestamp":"2018-12-04T20:41:25.0000000Z","value":2693601.25}
{"displayname":"RealEnergyImport (kWh)","hwid":"PowerMeter-0a:01:01:01:01:01","sourcetimestamp":"2018-12-04T20:41:29.0000000Z","value":2693601.25}
{"displayname":"RealEnergyImport (kWh)","hwid":"PowerMeter-0a:01:01:01:01:01","sourcetimestamp":"2018-12-04T20:41:33.0000000Z","value":2693601.5}
{"displayname":"RealEnergyImport (kWh)","hwid":"PowerMeter-0a:01:01:01:01:01","sourcetimestamp":"2018-12-04T20:41:37.0000000Z","value":2693601.5}
{"displayname":"RealEnergyImport (kWh)","hwid":"PowerMeter-0a:01:01:01:01:01","sourcetimestamp":"2018-12-04T20:41:41.0000000Z","value":2693601.5}
{"displayname":"RealEnergyImport (kWh)","hwid":"PowerMeter-0a:01:01:01:01:01","sourcetimestamp":"2018-12-04T20:41:45.0000000Z","value":2693601.5}
{"displayname":"RealEnergyImport (kWh)","hwid":"PowerMeter-0a:01:01:01:01:01","sourcetimestamp":"2018-12-04T20:41:49.0000000Z","value":2693601.5}
{"displayname":"RealEnergyImport (kWh)","hwid":"PowerMeter-0a:01:01:01:01:01","sourcetimestamp":"2018-12-04T20:41:53.0000000Z","value":2693601.75}
{"displayname":"RealEnergyImport (kWh)","hwid":"PowerMeter-0a:01:01:01:01:01","sourcetimestamp":"2018-12-04T20:41:57.0000000Z","value":2693601.75}
{"displayname":"RealEnergyImport (kWh)","hwid":"PowerMeter-0a:01:01:01:01:01","sourcetimestamp":"2018-12-04T20:42:01.0000000Z","value":2693601.75}
{"displayname":"RealEnergyImport (kWh)","hwid":"PowerMeter-0a:01:01:01:01:01","sourcetimestamp":"2018-12-04T20:42:06.0000000Z","value":2693601.75}
{"displayname":"RealEnergyImport (kWh)","hwid":"PowerMeter-0a:01:01:01:01:01","sourcetimestamp":"2018-12-04T20:42:10.0000000Z","value":2693601.75}
{"displayname":"RealEnergyImport (kWh)","hwid":"PowerMeter-0a:01:01:01:01:01","sourcetimestamp":"2018-12-04T20:42:14.0000000Z","value":2693602}
{"displayname":"RealEnergyImport (kWh)","hwid":"PowerMeter-0a:01:01:01:01:01","sourcetimestamp":"2018-12-04T20:42:18.0000000Z","value":2693602}
{"displayname":"RealEnergyImport (kWh)","hwid":"PowerMeter-0a:01:01:01:01:01","sourcetimestamp":"2018-12-04T20:42:22.0000000Z","value":2693602}
{"displayname":"RealEnergyImport (kWh)","hwid":"PowerMeter-0a:01:01:01:01:01","sourcetimestamp":"2018-12-04T20:42:26.0000000Z","value":2693602}
{"displayname":"RealEnergyImport (kWh)","hwid":"PowerMeter-0a:01:01:01:01:01","sourcetimestamp":"2018-12-04T20:42:30.0000000Z","value":2693602}
{"displayname":"RealEnergyImport (kWh)","hwid":"PowerMeter-0a:01:01:01:01:01","sourcetimestamp":"2018-12-04T20:42:34.0000000Z","value":2693602.25}
{"displayname":"RealEnergyImport (kWh)","hwid":"PowerMeter-0a:01:01:01:01:01","sourcetimestamp":"2018-12-04T20:42:38.0000000Z","value":2693602.25}
{"displayname":"RealEnergyImport (kWh)","hwid":"PowerMeter-0a:01:01:01:01:01","sourcetimestamp":"2018-12-04T20:42:42.0000000Z","value":2693602.25}
{"displayname":"RealEnergyImport (kWh)","hwid":"PowerMeter-0a:01:01:01:01:01","sourcetimestamp":"2018-12-04T20:42:47.0000000Z","value":2693602.25}
{"displayname":"RealEnergyImport (kWh)","hwid":"PowerMeter-0a:01:01:01:01:01","sourcetimestamp":"2018-12-04T20:42:51.0000000Z","value":2693602.25}
{"displayname":"RealEnergyImport (kWh)","hwid":"PowerMeter-0a:01:01:01:01:01","sourcetimestamp":"2018-12-04T20:42:55.0000000Z","value":2693602.5}
{"displayname":"RealEnergyImport (kWh)","hwid":"PowerMeter-0a:01:01:01:01:01","sourcetimestamp":"2018-12-04T20:42:59.0000000Z","value":2693602.5}
{"displayname":"RealEnergyImport (kWh)","hwid":"PowerMeter-0a:01:01:01:01:01","sourcetimestamp":"2018-12-04T20:43:03.0000000Z","value":2693602.5}
{"displayname":"RealEnergyImport (kWh)","hwid":"PowerMeter-0a:01:01:01:01:01","sourcetimestamp":"2018-12-04T20:43:07.0000000Z","value":2693602.5}
{"displayname":"RealEnergyImport (kWh)","hwid":"PowerMeter-0a:01:01:01:01:01","sourcetimestamp":"2018-12-04T20:43:12.0000000Z","value":2693602.5}
{"displayname":"RealEnergyImport (kWh)","hwid":"PowerMeter-0a:01:01:01:01:01","sourcetimestamp":"2018-12-04T20:43:16.0000000Z","value":2693602.75}
{"displayname":"RealEnergyImport (kWh)","hwid":"PowerMeter-0a:01:01:01:01:01","sourcetimestamp":"2018-12-04T20:43:21.0000000Z","value":2693602.75}
{"displayname":"RealEnergyImport (kWh)","hwid":"PowerMeter-0a:01:01:01:01:01","sourcetimestamp":"2018-12-04T20:43:25.0000000Z","value":2693602.75}
{"displayname":"RealEnergyImport (kWh)","hwid":"PowerMeter-0a:01:01:01:01:01","sourcetimestamp":"2018-12-04T20:43:29.0000000Z","value":2693602.75}
{"displayname":"RealEnergyImport (kWh)","hwid":"PowerMeter-0a:01:01:01:01:01","sourcetimestamp":"2018-12-04T20:43:33.0000000Z","value":2693602.75}
{"displayname":"RealEnergyImport (kWh)","hwid":"PowerMeter-0a:01:01:01:01:01","sourcetimestamp":"2018-12-04T20:43:37.0000000Z","value":2693603}
{"displayname":"RealEnergyImport (kWh)","hwid":"PowerMeter-0a:01:01:01:01:01","sourcetimestamp":"2018-12-04T20:43:41.0000000Z","value":2693603}
{"displayname":"RealEnergyImport (kWh)","hwid":"PowerMeter-0a:01:01:01:01:01","sourcetimestamp":"2018-12-04T20:43:45.0000000Z","value":2693603}
{"displayname":"RealEnergyImport (kWh)","hwid":"PowerMeter-0a:01:01:01:01:01","sourcetimestamp":"2018-12-04T20:43:49.0000000Z","value":2693603}
{"displayname":"RealEnergyImport (kWh)","hwid":"PowerMeter-0a:01:01:01:01:01","sourcetimestamp":"2018-12-04T20:43:53.0000000Z","value":2693603}
{"displayname":"RealEnergyImport (kWh)","hwid":"PowerMeter-0a:01:01:01:01:01","sourcetimestamp":"2018-12-04T20:43:57.0000000Z","value":2693603.25}
{"displayname":"RealEnergyImport (kWh)","hwid":"PowerMeter-0a:01:01:01:01:01","sourcetimestamp":"2018-12-04T20:44:01.0000000Z","value":2693603.25}
{"displayname":"RealEnergyImport (kWh)","hwid":"PowerMeter-0a:01:01:01:01:01","sourcetimestamp":"2018-12-04T20:44:05.0000000Z","value":2693603.25}
{"displayname":"RealEnergyImport (kWh)","hwid":"PowerMeter-0a:01:01:01:01:01","sourcetimestamp":"2018-12-04T20:44:09.0000000Z","value":2693603.25}
{"displayname":"RealEnergyImport (kWh)","hwid":"PowerMeter-0a:01:01:01:01:01","sourcetimestamp":"2018-12-04T20:44:13.0000000Z","value":2693603.25}
{"displayname":"RealEnergyImport (kWh)","hwid":"PowerMeter-0a:01:01:01:01:01","sourcetimestamp":"2018-12-04T20:44:18.0000000Z","value":2693603.5}
{"displayname":"RealEnergyImport (kWh)","hwid":"PowerMeter-0a:01:01:01:01:01","sourcetimestamp":"2018-12-04T20:44:22.0000000Z","value":2693603.5}
{"displayname":"RealEnergyImport (kWh)","hwid":"PowerMeter-0a:01:01:01:01:01","sourcetimestamp":"2018-12-04T20:44:26.0000000Z","value":2693603.5}
{"displayname":"RealEnergyImport (kWh)","hwid":"PowerMeter-0a:01:01:01:01:01","sourcetimestamp":"2018-12-04T20:44:31.0000000Z","value":2693603.5}
{"displayname":"RealEnergyImport (kWh)","hwid":"PowerMeter-0a:01:01:01:01:01","sourcetimestamp":"2018-12-04T20:44:35.0000000Z","value":2693603.5}
{"displayname":"RealEnergyImport (kWh)","hwid":"PowerMeter-0a:01:01:01:01:01","sourcetimestamp":"2018-12-04T20:44:40.0000000Z","value":2693603.75}
{"displayname":"RealEnergyImport (kWh)","hwid":"PowerMeter-0a:01:01:01:01:01","sourcetimestamp":"2018-12-04T20:44:44.0000000Z","value":2693603.75}
{"displayname":"RealEnergyImport (kWh)","hwid":"PowerMeter-0a:01:01:01:01:01","sourcetimestamp":"2018-12-04T20:44:48.0000000Z","value":2693603.75}
{"displayname":"RealEnergyImport (kWh)","hwid":"PowerMeter-0a:01:01:01:01:01","sourcetimestamp":"2018-12-04T20:44:52.0000000Z","value":2693603.75}
{"displayname":"RealEnergyImport (kWh)","hwid":"PowerMeter-0a:01:01:01:01:01","sourcetimestamp":"2018-12-04T20:44:56.0000000Z","value":2693604}
{"displayname":"RealEnergyImport (kWh)","hwid":"PowerMeter-0a:01:01:01:01:01","sourcetimestamp":"2018-12-04T20:45:00.0000000Z","value":2693604}
{"displayname":"RealEnergyImport (kWh)","hwid":"PowerMeter-0a:01:01:01:01:01","sourcetimestamp":"2018-12-04T20:45:04.0000000Z","value":2693604}
{"displayname":"RealEnergyImport (kWh)","hwid":"PowerMeter-0a:01:01:01:01:01","sourcetimestamp":"2018-12-04T20:45:08.0000000Z","value":2693604}
{"displayname":"RealEnergyImport (kWh)","hwid":"PowerMeter-0a:01:01:01:01:01","sourcetimestamp":"2018-12-04T20:45:12.0000000Z","value":2693604}
{"displayname":"RealEnergyImport (kWh)","hwid":"PowerMeter-0a:01:01:01:01:01","sourcetimestamp":"2018-12-04T20:45:16.0000000Z","value":2693604.25}
{"displayname":"RealEnergyImport (kWh)","hwid":"PowerMeter-0a:01:01:01:01:01","sourcetimestamp":"2018-12-04T20:45:20.0000000Z","value":2693604.25}
{"displayname":"RealEnergyImport (kWh)","hwid":"PowerMeter-0a:01:01:01:01:01","sourcetimestamp":"2018-12-04T20:45:24.0000000Z","value":2693604.25}
{"displayname":"RealEnergyImport (kWh)","hwid":"PowerMeter-0a:01:01:01:01:01","sourcetimestamp":"2018-12-04T20:45:28.0000000Z","value":2693604.25}
{"displayname":"RealEnergyImport (kWh)","hwid":"PowerMeter-0a:01:01:01:01:01","sourcetimestamp":"2018-12-04T20:45:33.0000000Z","value":2693604.25}
{"displayname":"RealEnergyImport (kWh)","hwid":"PowerMeter-0a:01:01:01:01:01","sourcetimestamp":"2018-12-04T20:45:37.0000000Z","value":2693604.5}
{"displayname":"RealEnergyImport (kWh)","hwid":"PowerMeter-0a:01:01:01:01:01","sourcetimestamp":"2018-12-04T20:45:41.0000000Z","value":2693604.5}
{"displayname":"RealEnergyImport (kWh)","hwid":"PowerMeter-0a:01:01:01:01:01","sourcetimestamp":"2018-12-04T20:45:45.0000000Z","value":2693604.5}
{"displayname":"RealEnergyImport (kWh)","hwid":"PowerMeter-0a:01:01:01:01:01","sourcetimestamp":"2018-12-04T20:45:50.0000000Z","value":2693604.5}
{"displayname":"RealEnergyImport (kWh)","hwid":"PowerMeter-0a:01:01:01:01:01","sourcetimestamp":"2018-12-04T20:45:54.0000000Z","value":2693604.5}
{"displayname":"RealEnergyImport (kWh)","hwid":"PowerMeter-0a:01:01:01:01:01","sourcetimestamp":"2018-12-04T20:45:58.0000000Z","value":2693604.75}
{"displayname":"RealEnergyImport (kWh)","hwid":"PowerMeter-0a:01:01:01:01:01","sourcetimestamp":"2018-12-04T20:46:02.0000000Z","value":2693604.75}
{"displayname":"RealEnergyImport (kWh)","hwid":"PowerMeter-0a:01:01:01:01:01","sourcetimestamp":"2018-12-04T20:46:06.0000000Z","value":2693604.75}
{"displayname":"RealEnergyImport (kWh)","hwid":"PowerMeter-0a:01:01:01:01:01","sourcetimestamp":"2018-12-04T20:46:10.0000000Z","value":2693604.75}
{"displayname":"RealEnergyImport (kWh)","hwid":"PowerMeter-0a:01:01:01:01:01","sourcetimestamp":"2018-12-04T20:46:14.0000000Z","value":2693604.75}
{"displayname":"RealEnergyImport (kWh)","hwid":"PowerMeter-0a:01:01:01:01:01","sourcetimestamp":"2018-12-04T20:46:18.0000000Z","value":2693605}
{"displayname":"RealEnergyImport (kWh)","hwid":"PowerMeter-0a:01:01:01:01:01","sourcetimestamp":"2018-12-04T20:46:22.0000000Z","value":2693605}
{"displayname":"RealEnergyImport (kWh)","hwid":"PowerMeter-0a:01:01:01:01:01","sourcetimestamp":"2018-12-04T20:46:26.0000000Z","value":2693605}
{"displayname":"RealEnergyImport (kWh)","hwid":"PowerMeter-0a:01:01:01:01:01","sourcetimestamp":"2018-12-04T20:46:30.0000000Z","value":2693605}
{"displayname":"RealEnergyImport (kWh)","hwid":"PowerMeter-0a:01:01:01:01:01","sourcetimestamp":"2018-12-04T20:46:34.0000000Z","value":2693605}
{"displayname":"RealEnergyImport (kWh)","hwid":"PowerMeter-0a:01:01:01:01:01","sourcetimestamp":"2018-12-04T20:46:38.0000000Z","value":2693605.25}
{"displayname":"RealEnergyImport (kWh)","hwid":"PowerMeter-0a:01:01:01:01:01","sourcetimestamp":"2018-12-04T20:46:43.0000000Z","value":2693605.25}
{"displayname":"RealEnergyImport (kWh)","hwid":"PowerMeter-0a:01:01:01:01:01","sourcetimestamp":"2018-12-04T20:46:47.0000000Z","value":2693605.25}
{"displayname":"RealEnergyImport (kWh)","hwid":"PowerMeter-0a:01:01:01:01:01","sourcetimestamp":"2018-12-04T20:46:51.0000000Z","value":2693605.25}
{"displayname":"RealEnergyImport (kWh)","hwid":"PowerMeter-0a:01:01:01:01:01","sourcetimestamp":"2018-12-04T20:46:56.0000000Z","value":2693605.25}
{"displayname":"RealEnergyImport (kWh)","hwid":"PowerMeter-0a:01:01:01:01:01","sourcetimestamp":"2018-12-04T20:47:00.0000000Z","value":2693605.5}
{"displayname":"RealEnergyImport (kWh)","hwid":"PowerMeter-0a:01:01:01:01:01","sourcetimestamp":"2018-12-04T20:47:04.0000000Z","value":2693605.5}
{"displayname":"RealEnergyImport (kWh)","hwid":"PowerMeter-0a:01:01:01:01:01","sourcetimestamp":"2018-12-04T20:47:09.0000000Z","value":2693605.5}
{"displayname":"RealEnergyImport (kWh)","hwid":"PowerMeter-0a:01:01:01:01:01","sourcetimestamp":"2018-12-04T20:47:13.0000000Z","value":2693605.5}
{"displayname":"RealEnergyImport (kWh)","hwid":"PowerMeter-0a:01:01:01:01:01","sourcetimestamp":"2018-12-04T20:47:17.0000000Z","value":2693605.5}
{"displayname":"RealEnergyImport (kWh)","hwid":"PowerMeter-0a:01:01:01:01:01","sourcetimestamp":"2018-12-04T20:47:21.0000000Z","value":2693605.75}
{"displayname":"RealEnergyImport (kWh)","hwid":"PowerMeter-0a:01:01:01:01:01","sourcetimestamp":"2018-12-04T20:47:25.0000000Z","value":2693605.75}
{"displayname":"RealEnergyImport (kWh)","hwid":"PowerMeter-0a:01:01:01:01:01","sourcetimestamp":"2018-12-04T20:47:29.0000000Z","value":2693605.75}
{"displayname":"RealEnergyImport (kWh)","hwid":"PowerMeter-0a:01:01:01:01:01","sourcetimestamp":"2018-12-04T20:47:33.0000000Z","value":2693605.75}
{"displayname":"RealEnergyImport (kWh)","hwid":"PowerMeter-0a:01:01:01:01:01","sourcetimestamp":"2018-12-04T20:47:37.0000000Z","value":2693605.75}
{"displayname":"RealEnergyImport (kWh)","hwid":"PowerMeter-0a:01:01:01:01:01","sourcetimestamp":"2018-12-04T20:47:41.0000000Z","value":2693606}
{"displayname":"RealEnergyImport (kWh)","hwid":"PowerMeter-0a:01:01:01:01:01","sourcetimestamp":"2018-12-04T20:47:45.0000000Z","value":2693606}
{"displayname":"RealEnergyImport (kWh)","hwid":"PowerMeter-0a:01:01:01:01:01","sourcetimestamp":"2018-12-04T20:47:49.0000000Z","value":2693606}
{"displayname":"RealEnergyImport (kWh)","hwid":"PowerMeter-0a:01:01:01:01:01","sourcetimestamp":"2018-12-04T20:47:54.0000000Z","value":2693606}
{"displayname":"RealEnergyImport (kWh)","hwid":"PowerMeter-0a:01:01:01:01:01","sourcetimestamp":"2018-12-04T20:47:58.0000000Z","value":2693606}
{"displayname":"RealEnergyImport (kWh)","hwid":"PowerMeter-0a:01:01:01:01:01","sourcetimestamp":"2018-12-04T20:48:02.0000000Z","value":2693606.25}
{"displayname":"RealEnergyImport (kWh)","hwid":"PowerMeter-0a:01:01:01:01:01","sourcetimestamp":"2018-12-04T20:48:07.0000000Z","value":2693606.25}
{"displayname":"RealEnergyImport (kWh)","hwid":"PowerMeter-0a:01:01:01:01:01","sourcetimestamp":"2018-12-04T20:48:11.0000000Z","value":2693606.25}
{"displayname":"RealEnergyImport (kWh)","hwid":"PowerMeter-0a:01:01:01:01:01","sourcetimestamp":"2018-12-04T20:48:15.0000000Z","value":2693606.25}
{"displayname":"RealEnergyImport (kWh)","hwid":"PowerMeter-0a:01:01:01:01:01","sourcetimestamp":"2018-12-04T20:48:19.0000000Z","value":2693606.25}
{"displayname":"RealEnergyImport (kWh)","hwid":"PowerMeter-0a:01:01:01:01:01","sourcetimestamp":"2018-12-04T20:48:23.0000000Z","value":2693606.5}
{"displayname":"RealEnergyImport (kWh)","hwid":"PowerMeter-0a:01:01:01:01:01","sourcetimestamp":"2018-12-04T20:48:27.0000000Z","value":2693606.5}
{"displayname":"RealEnergyImport (kWh)","hwid":"PowerMeter-0a:01:01:01:01:01","sourcetimestamp":"2018-12-04T20:48:32.0000000Z","value":2693606.5}
{"displayname":"RealEnergyImport (kWh)","hwid":"PowerMeter-0a:01:01:01:01:01","sourcetimestamp":"2018-12-04T20:48:37.0000000Z","value":2693606.5}
{"displayname":"RealEnergyImport (kWh)","hwid":"PowerMeter-0a:01:01:01:01:01","sourcetimestamp":"2018-12-04T20:48:41.0000000Z","value":2693606.5}
{"displayname":"RealEnergyImport (kWh)","hwid":"PowerMeter-0a:01:01:01:01:01","sourcetimestamp":"2018-12-04T20:48:45.0000000Z","value":2693606.75}
{"displayname":"RealEnergyImport (kWh)","hwid":"PowerMeter-0a:01:01:01:01:01","sourcetimestamp":"2018-12-04T20:48:49.0000000Z","value":2693606.75}
{"displayname":"RealEnergyImport (kWh)","hwid":"PowerMeter-0a:01:01:01:01:01","sourcetimestamp":"2018-12-04T20:48:53.0000000Z","value":2693606.75}
{"displayname":"RealEnergyImport (kWh)","hwid":"PowerMeter-0a:01:01:01:01:01","sourcetimestamp":"2018-12-04T20:48:57.0000000Z","value":2693606.75}
{"displayname":"RealEnergyImport (kWh)","hwid":"PowerMeter-0a:01:01:01:01:01","sourcetimestamp":"2018-12-04T20:49:01.0000000Z","value":2693606.75}
{"displayname":"RealEnergyImport (kWh)","hwid":"PowerMeter-0a:01:01:01:01:01","sourcetimestamp":"2018-12-04T20:49:05.0000000Z","value":2693607}
{"displayname":"RealEnergyImport (kWh)","hwid":"PowerMeter-0a:01:01:01:01:01","sourcetimestamp":"2018-12-04T20:49:09.0000000Z","value":2693607}
{"displayname":"RealEnergyImport (kWh)","hwid":"PowerMeter-0a:01:01:01:01:01","sourcetimestamp":"2018-12-04T20:49:13.0000000Z","value":2693607}
{"displayname":"RealEnergyImport (kWh)","hwid":"PowerMeter-0a:01:01:01:01:01","sourcetimestamp":"2018-12-04T20:49:17.0000000Z","value":2693607}
{"displayname":"RealEnergyImport (kWh)","hwid":"PowerMeter-0a:01:01:01:01:01","sourcetimestamp":"2018-12-04T20:49:21.0000000Z","value":2693607}
{"displayname":"RealEnergyImport (kWh)","hwid":"PowerMeter-0a:01:01:01:01:01","sourcetimestamp":"2018-12-04T20:49:25.0000000Z","value":2693607.25}
{"displayname":"RealEnergyImport (kWh)","hwid":"PowerMeter-0a:01:01:01:01:01","sourcetimestamp":"2018-12-04T20:49:29.0000000Z","value":2693607.25}
{"displayname":"RealEnergyImport (kWh)","hwid":"PowerMeter-0a:01:01:01:01:01","sourcetimestamp":"2018-12-04T20:49:34.0000000Z","value":2693607.25}
{"displayname":"RealEnergyImport (kWh)","hwid":"PowerMeter-0a:01:01:01:01:01","sourcetimestamp":"2018-12-04T20:49:38.0000000Z","value":2693607.25}
{"displayname":"RealEnergyImport (kWh)","hwid":"PowerMeter-0a:01:01:01:01:01","sourcetimestamp":"2018-12-04T20:49:42.0000000Z","value":2693607.25}
{"displayname":"RealEnergyImport (kWh)","hwid":"PowerMeter-0a:01:01:01:01:01","sourcetimestamp":"2018-12-04T20:49:46.0000000Z","value":2693607.5}
{"displayname":"RealEnergyImport (kWh)","hwid":"PowerMeter-0a:01:01:01:01:01","sourcetimestamp":"2018-12-04T20:49:50.0000000Z","value":2693607.5}
{"displayname":"RealEnergyImport (kWh)","hwid":"PowerMeter-0a:01:01:01:01:01","sourcetimestamp":"2018-12-04T20:49:54.0000000Z","value":2693607.5}
{"displayname":"RealEnergyImport (kWh)","hwid":"PowerMeter-0a:01:01:01:01:01","sourcetimestamp":"2018-12-04T20:49:58.0000000Z","value":2693607.5}
{"displayname":"RealEnergyImport (kWh)","hwid":"PowerMeter-0a:01:01:01:01:01","sourcetimestamp":"2018-12-04T20:50:02.0000000Z","value":2693607.5}
{"displayname":"RealEnergyImport (kWh)","hwid":"PowerMeter-0a:01:01:01:01:01","sourcetimestamp":"2018-12-04T20:50:06.0000000Z","value":2693607.75}
{"displayname":"RealEnergyImport (kWh)","hwid":"PowerMeter-0a:01:01:01:01:01","sourcetimestamp":"2018-12-04T20:50:10.0000000Z","value":2693607.75}
{"displayname":"RealEnergyImport (kWh)","hwid":"PowerMeter-0a:01:01:01:01:01","sourcetimestamp":"2018-12-04T20:50:14.0000000Z","value":2693607.75}
{"displayname":"RealEnergyImport (kWh)","hwid":"PowerMeter-0a:01:01:01:01:01","sourcetimestamp":"2018-12-04T20:50:18.0000000Z","value":2693607.75}
{"displayname":"RealEnergyImport (kWh)","hwid":"PowerMeter-0a:01:01:01:01:01","sourcetimestamp":"2018-12-04T20:50:22.0000000Z","value":2693607.75}
{"displayname":"RealEnergyImport (kWh)","hwid":"PowerMeter-0a:01:01:01:01:01","sourcetimestamp":"2018-12-04T20:50:26.0000000Z","value":2693608}
{"displayname":"RealEnergyImport (kWh)","hwid":"PowerMeter-0a:01:01:01:01:01","sourcetimestamp":"2018-12-04T20:50:31.0000000Z","value":2693608}
{"displayname":"RealEnergyImport (kWh)","hwid":"PowerMeter-0a:01:01:01:01:01","sourcetimestamp":"2018-12-04T20:50:35.0000000Z","value":2693608}
{"displayname":"RealEnergyImport (kWh)","hwid":"PowerMeter-0a:01:01:01:01:01","sourcetimestamp":"2018-12-04T20:50:39.0000000Z","value":2693608}
{"displayname":"RealEnergyImport (kWh)","hwid":"PowerMeter-0a:01:01:01:01:01","sourcetimestamp":"2018-12-04T20:50:43.0000000Z","value":2693608}
{"displayname":"RealEnergyImport (kWh)","hwid":"PowerMeter-0a:01:01:01:01:01","sourcetimestamp":"2018-12-04T20:50:47.0000000Z","value":2693608.25}
{"displayname":"RealEnergyImport (kWh)","hwid":"PowerMeter-0a:01:01:01:01:01","sourcetimestamp":"2018-12-04T20:50:51.0000000Z","value":2693608.25}
{"displayname":"RealEnergyImport (kWh)","hwid":"PowerMeter-0a:01:01:01:01:01","sourcetimestamp":"2018-12-04T20:50:55.0000000Z","value":2693608.25}
{"displayname":"RealEnergyImport (kWh)","hwid":"PowerMeter-0a:01:01:01:01:01","sourcetimestamp":"2018-12-04T20:50:59.0000000Z","value":2693608.25}
{"displayname":"RealEnergyImport (kWh)","hwid":"PowerMeter-0a:01:01:01:01:01","sourcetimestamp":"2018-12-04T20:51:03.0000000Z","value":2693608.25}
{"displayname":"RealEnergyImport (kWh)","hwid":"PowerMeter-0a:01:01:01:01:01","sourcetimestamp":"2018-12-04T20:51:07.0000000Z","value":2693608.5}
{"displayname":"RealEnergyImport (kWh)","hwid":"PowerMeter-0a:01:01:01:01:01","sourcetimestamp":"2018-12-04T20:51:11.0000000Z","value":2693608.5}
{"displayname":"RealEnergyImport (kWh)","hwid":"PowerMeter-0a:01:01:01:01:01","sourcetimestamp":"2018-12-04T20:51:15.0000000Z","value":2693608.5}
{"displayname":"RealEnergyImport (kWh)","hwid":"PowerMeter-0a:01:01:01:01:01","sourcetimestamp":"2018-12-04T20:51:19.0000000Z","value":2693608.5}
{"displayname":"RealEnergyImport (kWh)","hwid":"PowerMeter-0a:01:01:01:01:01","sourcetimestamp":"2018-12-04T20:51:23.0000000Z","value":2693608.5}
{"displayname":"RealEnergyImport (kWh)","hwid":"PowerMeter-0a:01:01:01:01:01","sourcetimestamp":"2018-12-04T20:51:27.0000000Z","value":2693608.5}
{"displayname":"RealEnergyImport (kWh)","hwid":"PowerMeter-0a:01:01:01:01:01","sourcetimestamp":"2018-12-04T20:51:32.0000000Z","value":2693608.75}
{"displayname":"RealEnergyImport (kWh)","hwid":"PowerMeter-0a:01:01:01:01:01","sourcetimestamp":"2018-12-04T20:51:36.0000000Z","value":2693608.75}
{"displayname":"RealEnergyImport (kWh)","hwid":"PowerMeter-0a:01:01:01:01:01","sourcetimestamp":"2018-12-04T20:51:40.0000000Z","value":2693608.75}
{"displayname":"RealEnergyImport (kWh)","hwid":"PowerMeter-0a:01:01:01:01:01","sourcetimestamp":"2018-12-04T20:51:44.0000000Z","value":2693608.75}
{"displayname":"RealEnergyImport (kWh)","hwid":"PowerMeter-0a:01:01:01:01:01","sourcetimestamp":"2018-12-04T20:51:48.0000000Z","value":2693608.75}
{"displayname":"RealEnergyImport (kWh)","hwid":"PowerMeter-0a:01:01:01:01:01","sourcetimestamp":"2018-12-04T20:51:52.0000000Z","value":2693609}
{"displayname":"RealEnergyImport (kWh)","hwid":"PowerMeter-0a:01:01:01:01:01","sourcetimestamp":"2018-12-04T20:51:56.0000000Z","value":2693609}
{"displayname":"RealEnergyImport (kWh)","hwid":"PowerMeter-0a:01:01:01:01:01","sourcetimestamp":"2018-12-04T20:52:00.0000000Z","value":2693609}
{"displayname":"RealEnergyImport (kWh)","hwid":"PowerMeter-0a:01:01:01:01:01","sourcetimestamp":"2018-12-04T20:52:04.0000000Z","value":2693609}
{"displayname":"RealEnergyImport (kWh)","hwid":"PowerMeter-0a:01:01:01:01:01","sourcetimestamp":"2018-12-04T20:52:08.0000000Z","value":2693609}
{"displayname":"RealEnergyImport (kWh)","hwid":"PowerMeter-0a:01:01:01:01:01","sourcetimestamp":"2018-12-04T20:52:12.0000000Z","value":2693609.25}
{"displayname":"RealEnergyImport (kWh)","hwid":"PowerMeter-0a:01:01:01:01:01","sourcetimestamp":"2018-12-04T20:52:16.0000000Z","value":2693609.25}
{"displayname":"RealEnergyImport (kWh)","hwid":"PowerMeter-0a:01:01:01:01:01","sourcetimestamp":"2018-12-04T20:52:21.0000000Z","value":2693609.25}
{"displayname":"RealEnergyImport (kWh)","hwid":"PowerMeter-0a:01:01:01:01:01","sourcetimestamp":"2018-12-04T20:52:25.0000000Z","value":2693609.25}
{"displayname":"RealEnergyImport (kWh)","hwid":"PowerMeter-0a:01:01:01:01:01","sourcetimestamp":"2018-12-04T20:52:29.0000000Z","value":2693609.25}
{"displayname":"RealEnergyImport (kWh)","hwid":"PowerMeter-0a:01:01:01:01:01","sourcetimestamp":"2018-12-04T20:52:33.0000000Z","value":2693609.5}
{"displayname":"RealEnergyImport (kWh)","hwid":"PowerMeter-0a:01:01:01:01:01","sourcetimestamp":"2018-12-04T20:52:37.0000000Z","value":2693609.5}
{"displayname":"RealEnergyImport (kWh)","hwid":"PowerMeter-0a:01:01:01:01:01","sourcetimestamp":"2018-12-04T20:52:41.0000000Z","value":2693609.5}
{"displayname":"RealEnergyImport (kWh)","hwid":"PowerMeter-0a:01:01:01:01:01","sourcetimestamp":"2018-12-04T20:52:45.0000000Z","value":2693609.5}
{"displayname":"RealEnergyImport (kWh)","hwid":"PowerMeter-0a:01:01:01:01:01","sourcetimestamp":"2018-12-04T20:52:49.0000000Z","value":2693609.5}
{"displayname":"RealEnergyImport (kWh)","hwid":"PowerMeter-0a:01:01:01:01:01","sourcetimestamp":"2018-12-04T20:52:53.0000000Z","value":2693609.75}
{"displayname":"RealEnergyImport (kWh)","hwid":"PowerMeter-0a:01:01:01:01:01","sourcetimestamp":"2018-12-04T20:52:57.0000000Z","value":2693609.75}
{"displayname":"RealEnergyImport (kWh)","hwid":"PowerMeter-0a:01:01:01:01:01","sourcetimestamp":"2018-12-04T20:53:03.0000000Z","value":2693609.75}
{"displayname":"RealEnergyImport (kWh)","hwid":"PowerMeter-0a:01:01:01:01:01","sourcetimestamp":"2018-12-04T20:53:07.0000000Z","value":2693609.75}
{"displayname":"RealEnergyImport (kWh)","hwid":"PowerMeter-0a:01:01:01:01:01","sourcetimestamp":"2018-12-04T20:53:11.0000000Z","value":2693609.75}
{"displayname":"RealEnergyImport (kWh)","hwid":"PowerMeter-0a:01:01:01:01:01","sourcetimestamp":"2018-12-04T20:53:15.0000000Z","value":2693610}
{"displayname":"RealEnergyImport (kWh)","hwid":"PowerMeter-0a:01:01:01:01:01","sourcetimestamp":"2018-12-04T20:53:19.0000000Z","value":2693610}
{"displayname":"RealEnergyImport (kWh)","hwid":"PowerMeter-0a:01:01:01:01:01","sourcetimestamp":"2018-12-04T20:53:23.0000000Z","value":2693610}
{"displayname":"RealEnergyImport (kWh)","hwid":"PowerMeter-0a:01:01:01:01:01","sourcetimestamp":"2018-12-04T20:53:27.0000000Z","value":2693610}
{"displayname":"RealEnergyImport (kWh)","hwid":"PowerMeter-0a:01:01:01:01:01","sourcetimestamp":"2018-12-04T20:53:31.0000000Z","value":2693610}
{"displayname":"RealEnergyImport (kWh)","hwid":"PowerMeter-0a:01:01:01:01:01","sourcetimestamp":"2018-12-04T20:53:35.0000000Z","value":2693610.25}
{"displayname":"RealEnergyImport (kWh)","hwid":"PowerMeter-0a:01:01:01:01:01","sourcetimestamp":"2018-12-04T20:53:39.0000000Z","value":2693610.25}
{"displayname":"RealEnergyImport (kWh)","hwid":"PowerMeter-0a:01:01:01:01:01","sourcetimestamp":"2018-12-04T20:53:43.0000000Z","value":2693610.25}
{"displayname":"RealEnergyImport (kWh)","hwid":"PowerMeter-0a:01:01:01:01:01","sourcetimestamp":"2018-12-04T20:53:48.0000000Z","value":2693610.25}
{"displayname":"RealEnergyImport (kWh)","hwid":"PowerMeter-0a:01:01:01:01:01","sourcetimestamp":"2018-12-04T20:53:52.0000000Z","value":2693610.25}
{"displayname":"RealEnergyImport (kWh)","hwid":"PowerMeter-0a:01:01:01:01:01","sourcetimestamp":"2018-12-04T20:53:56.0000000Z","value":2693610.5}
{"displayname":"RealEnergyImport (kWh)","hwid":"PowerMeter-0a:01:01:01:01:01","sourcetimestamp":"2018-12-04T20:54:00.0000000Z","value":2693610.5}
{"displayname":"RealEnergyImport (kWh)","hwid":"PowerMeter-0a:01:01:01:01:01","sourcetimestamp":"2018-12-04T20:54:04.0000000Z","value":2693610.5}
{"displayname":"RealEnergyImport (kWh)","hwid":"PowerMeter-0a:01:01:01:01:01","sourcetimestamp":"2018-12-04T20:54:08.0000000Z","value":2693610.5}
{"displayname":"RealEnergyImport (kWh)","hwid":"PowerMeter-0a:01:01:01:01:01","sourcetimestamp":"2018-12-04T20:54:12.0000000Z","value":2693610.5}
{"displayname":"RealEnergyImport (kWh)","hwid":"PowerMeter-0a:01:01:01:01:01","sourcetimestamp":"2018-12-04T20:54:16.0000000Z","value":2693611}
{"displayname":"RealEnergyImport (kWh)","hwid":"PowerMeter-0a:01:01:01:01:01","sourcetimestamp":"2018-12-04T20:54:20.0000000Z","value":2693611}
{"displayname":"RealEnergyImport (kWh)","hwid":"PowerMeter-0a:01:01:01:01:01","sourcetimestamp":"2018-12-04T20:54:24.0000000Z","value":2693611}
{"displayname":"RealEnergyImport (kWh)","hwid":"PowerMeter-0a:01:01:01:01:01","sourcetimestamp":"2018-12-04T20:54:28.0000000Z","value":2693611}
{"displayname":"RealEnergyImport (kWh)","hwid":"PowerMeter-0a:01:01:01:01:01","sourcetimestamp":"2018-12-04T20:54:32.0000000Z","value":2693611}
{"displayname":"RealEnergyImport (kWh)","hwid":"PowerMeter-0a:01:01:01:01:01","sourcetimestamp":"2018-12-04T20:54:37.0000000Z","value":2693611}
{"displayname":"RealEnergyImport (kWh)","hwid":"PowerMeter-0a:01:01:01:01:01","sourcetimestamp":"2018-12-04T20:54:41.0000000Z","value":2693611.25}
{"displayname":"RealEnergyImport (kWh)","hwid":"PowerMeter-0a:01:01:01:01:01","sourcetimestamp":"2018-12-04T20:54:45.0000000Z","value":2693611.25}
{"displayname":"RealEnergyImport (kWh)","hwid":"PowerMeter-0a:01:01:01:01:01","sourcetimestamp":"2018-12-04T20:54:49.0000000Z","value":2693611.25}
{"displayname":"RealEnergyImport (kWh)","hwid":"PowerMeter-0a:01:01:01:01:01","sourcetimestamp":"2018-12-04T20:54:53.0000000Z","value":2693611.25}
{"displayname":"RealEnergyImport (kWh)","hwid":"PowerMeter-0a:01:01:01:01:01","sourcetimestamp":"2018-12-04T20:54:57.0000000Z","value":2693611.25}
{"displayname":"RealEnergyImport (kWh)","hwid":"PowerMeter-0a:01:01:01:01:01","sourcetimestamp":"2018-12-04T20:55:01.0000000Z","value":2693611.5}
{"displayname":"RealEnergyImport (kWh)","hwid":"PowerMeter-0a:01:01:01:01:01","sourcetimestamp":"2018-12-04T20:55:05.0000000Z","value":2693611.5}
{"displayname":"RealEnergyImport (kWh)","hwid":"PowerMeter-0a:01:01:01:01:01","sourcetimestamp":"2018-12-04T20:55:09.0000000Z","value":2693611.5}
{"displayname":"RealEnergyImport (kWh)","hwid":"PowerMeter-0a:01:01:01:01:01","sourcetimestamp":"2018-12-04T20:55:13.0000000Z","value":2693611.5}
{"displayname":"RealEnergyImport (kWh)","hwid":"PowerMeter-0a:01:01:01:01:01","sourcetimestamp":"2018-12-04T20:55:17.0000000Z","value":2693611.5}
{"displayname":"RealEnergyImport (kWh)","hwid":"PowerMeter-0a:01:01:01:01:01","sourcetimestamp":"2018-12-04T20:55:21.0000000Z","value":2693611.75}
{"displayname":"RealEnergyImport (kWh)","hwid":"PowerMeter-0a:01:01:01:01:01","sourcetimestamp":"2018-12-04T20:55:25.0000000Z","value":2693611.75}
{"displayname":"RealEnergyImport (kWh)","hwid":"PowerMeter-0a:01:01:01:01:01","sourcetimestamp":"2018-12-04T20:55:29.0000000Z","value":2693611.75}
{"displayname":"RealEnergyImport (kWh)","hwid":"PowerMeter-0a:01:01:01:01:01","sourcetimestamp":"2018-12-04T20:55:33.0000000Z","value":2693611.75}
{"displayname":"RealEnergyImport (kWh)","hwid":"PowerMeter-0a:01:01:01:01:01","sourcetimestamp":"2018-12-04T20:55:38.0000000Z","value":2693611.75}
{"displayname":"RealEnergyImport (kWh)","hwid":"PowerMeter-0a:01:01:01:01:01","sourcetimestamp":"2018-12-04T20:55:42.0000000Z","value":2693612}
{"displayname":"RealEnergyImport (kWh)","hwid":"PowerMeter-0a:01:01:01:01:01","sourcetimestamp":"2018-12-04T20:55:46.0000000Z","value":2693612}
{"displayname":"RealEnergyImport (kWh)","hwid":"PowerMeter-0a:01:01:01:01:01","sourcetimestamp":"2018-12-04T20:55:50.0000000Z","value":2693612}
{"displayname":"RealEnergyImport (kWh)","hwid":"PowerMeter-0a:01:01:01:01:01","sourcetimestamp":"2018-12-04T20:55:54.0000000Z","value":2693612}
{"displayname":"RealEnergyImport (kWh)","hwid":"PowerMeter-0a:01:01:01:01:01","sourcetimestamp":"2018-12-04T20:55:58.0000000Z","value":2693612}
{"displayname":"RealEnergyImport (kWh)","hwid":"PowerMeter-0a:01:01:01:01:01","sourcetimestamp":"2018-12-04T20:56:02.0000000Z","value":2693612.25}
{"displayname":"RealEnergyImport (kWh)","hwid":"PowerMeter-0a:01:01:01:01:01","sourcetimestamp":"2018-12-04T20:56:06.0000000Z","value":2693612.25}
{"displayname":"RealEnergyImport (kWh)","hwid":"PowerMeter-0a:01:01:01:01:01","sourcetimestamp":"2018-12-04T20:56:10.0000000Z","value":2693612.25}
{"displayname":"RealEnergyImport (kWh)","hwid":"PowerMeter-0a:01:01:01:01:01","sourcetimestamp":"2018-12-04T20:56:14.0000000Z","value":2693612.25}
{"displayname":"RealEnergyImport (kWh)","hwid":"PowerMeter-0a:01:01:01:01:01","sourcetimestamp":"2018-12-04T20:56:18.0000000Z","value":2693612.25}
{"displayname":"RealEnergyImport (kWh)","hwid":"PowerMeter-0a:01:01:01:01:01","sourcetimestamp":"2018-12-04T20:56:22.0000000Z","value":2693612.25}
{"displayname":"RealEnergyImport (kWh)","hwid":"PowerMeter-0a:01:01:01:01:01","sourcetimestamp":"2018-12-04T20:56:26.0000000Z","value":2693612.5}
{"displayname":"RealEnergyImport (kWh)","hwid":"PowerMeter-0a:01:01:01:01:01","sourcetimestamp":"2018-12-04T20:56:31.0000000Z","value":2693612.5}
{"displayname":"RealEnergyImport (kWh)","hwid":"PowerMeter-0a:01:01:01:01:01","sourcetimestamp":"2018-12-04T20:56:35.0000000Z","value":2693612.5}
{"displayname":"RealEnergyImport (kWh)","hwid":"PowerMeter-0a:01:01:01:01:01","sourcetimestamp":"2018-12-04T20:56:39.0000000Z","value":2693612.5}
{"displayname":"RealEnergyImport (kWh)","hwid":"PowerMeter-0a:01:01:01:01:01","sourcetimestamp":"2018-12-04T20:56:43.0000000Z","value":2693612.5}
{"displayname":"RealEnergyImport (kWh)","hwid":"PowerMeter-0a:01:01:01:01:01","sourcetimestamp":"2018-12-04T20:56:47.0000000Z","value":2693612.75}
{"displayname":"RealEnergyImport (kWh)","hwid":"PowerMeter-0a:01:01:01:01:01","sourcetimestamp":"2018-12-04T20:56:51.0000000Z","value":2693612.75}
{"displayname":"RealEnergyImport (kWh)","hwid":"PowerMeter-0a:01:01:01:01:01","sourcetimestamp":"2018-12-04T20:56:55.0000000Z","value":2693612.75}
{"displayname":"RealEnergyImport (kWh)","hwid":"PowerMeter-0a:01:01:01:01:01","sourcetimestamp":"2018-12-04T20:56:59.0000000Z","value":2693612.75}
{"displayname":"RealEnergyImport (kWh)","hwid":"PowerMeter-0a:01:01:01:01:01","sourcetimestamp":"2018-12-04T20:57:03.0000000Z","value":2693612.75}
{"displayname":"RealEnergyImport (kWh)","hwid":"PowerMeter-0a:01:01:01:01:01","sourcetimestamp":"2018-12-04T20:57:07.0000000Z","value":2693613}
{"displayname":"RealEnergyImport (kWh)","hwid":"PowerMeter-0a:01:01:01:01:01","sourcetimestamp":"2018-12-04T20:57:11.0000000Z","value":2693613}
{"displayname":"RealEnergyImport (kWh)","hwid":"PowerMeter-0a:01:01:01:01:01","sourcetimestamp":"2018-12-04T20:57:15.0000000Z","value":2693613}
{"displayname":"RealEnergyImport (kWh)","hwid":"PowerMeter-0a:01:01:01:01:01","sourcetimestamp":"2018-12-04T20:57:19.0000000Z","value":2693613}
{"displayname":"RealEnergyImport (kWh)","hwid":"PowerMeter-0a:01:01:01:01:01","sourcetimestamp":"2018-12-04T20:57:23.0000000Z","value":2693613}
{"displayname":"RealEnergyImport (kWh)","hwid":"PowerMeter-0a:01:01:01:01:01","sourcetimestamp":"2018-12-04T20:57:27.0000000Z","value":2693613.25}
{"displayname":"RealEnergyImport (kWh)","hwid":"PowerMeter-0a:01:01:01:01:01","sourcetimestamp":"2018-12-04T20:57:31.0000000Z","value":2693613.25}
{"displayname":"RealEnergyImport (kWh)","hwid":"PowerMeter-0a:01:01:01:01:01","sourcetimestamp":"2018-12-04T20:57:36.0000000Z","value":2693613.25}
{"displayname":"RealEnergyImport (kWh)","hwid":"PowerMeter-0a:01:01:01:01:01","sourcetimestamp":"2018-12-04T20:57:40.0000000Z","value":2693613.25}
{"displayname":"RealEnergyImport (kWh)","hwid":"PowerMeter-0a:01:01:01:01:01","sourcetimestamp":"2018-12-04T20:57:44.0000000Z","value":2693613.25}
{"displayname":"RealEnergyImport (kWh)","hwid":"PowerMeter-0a:01:01:01:01:01","sourcetimestamp":"2018-12-04T20:57:48.0000000Z","value":2693613.25}
{"displayname":"RealEnergyImport (kWh)","hwid":"PowerMeter-0a:01:01:01:01:01","sourcetimestamp":"2018-12-04T20:57:52.0000000Z","value":2693613.5}
{"displayname":"RealEnergyImport (kWh)","hwid":"PowerMeter-0a:01:01:01:01:01","sourcetimestamp":"2018-12-04T20:57:56.0000000Z","value":2693613.5}
{"displayname":"RealEnergyImport (kWh)","hwid":"PowerMeter-0a:01:01:01:01:01","sourcetimestamp":"2018-12-04T20:58:00.0000000Z","value":2693613.5}
{"displayname":"RealEnergyImport (kWh)","hwid":"PowerMeter-0a:01:01:01:01:01","sourcetimestamp":"2018-12-04T20:58:04.0000000Z","value":2693613.5}
{"displayname":"RealEnergyImport (kWh)","hwid":"PowerMeter-0a:01:01:01:01:01","sourcetimestamp":"2018-12-04T20:58:08.0000000Z","value":2693613.5}
{"displayname":"RealEnergyImport (kWh)","hwid":"PowerMeter-0a:01:01:01:01:01","sourcetimestamp":"2018-12-04T20:58:12.0000000Z","value":2693613.75}
{"displayname":"RealEnergyImport (kWh)","hwid":"PowerMeter-0a:01:01:01:01:01","sourcetimestamp":"2018-12-04T20:58:16.0000000Z","value":2693613.75}
{"displayname":"RealEnergyImport (kWh)","hwid":"PowerMeter-0a:01:01:01:01:01","sourcetimestamp":"2018-12-04T20:58:20.0000000Z","value":2693613.75}
{"displayname":"RealEnergyImport (kWh)","hwid":"PowerMeter-0a:01:01:01:01:01","sourcetimestamp":"2018-12-04T20:58:24.0000000Z","value":2693613.75}
{"displayname":"RealEnergyImport (kWh)","hwid":"PowerMeter-0a:01:01:01:01:01","sourcetimestamp":"2018-12-04T20:58:28.0000000Z","value":2693613.75}
{"displayname":"RealEnergyImport (kWh)","hwid":"PowerMeter-0a:01:01:01:01:01","sourcetimestamp":"2018-12-04T20:58:32.0000000Z","value":2693614}
{"displayname":"RealEnergyImport (kWh)","hwid":"PowerMeter-0a:01:01:01:01:01","sourcetimestamp":"2018-12-04T20:58:37.0000000Z","value":2693614}
{"displayname":"RealEnergyImport (kWh)","hwid":"PowerMeter-0a:01:01:01:01:01","sourcetimestamp":"2018-12-04T20:58:42.0000000Z","value":2693614}
{"displayname":"RealEnergyImport (kWh)","hwid":"PowerMeter-0a:01:01:01:01:01","sourcetimestamp":"2018-12-04T20:58:46.0000000Z","value":2693614}
{"displayname":"RealEnergyImport (kWh)","hwid":"PowerMeter-0a:01:01:01:01:01","sourcetimestamp":"2018-12-04T20:58:50.0000000Z","value":2693614}
{"displayname":"RealEnergyImport (kWh)","hwid":"PowerMeter-0a:01:01:01:01:01","sourcetimestamp":"2018-12-04T20:58:54.0000000Z","value":2693614.25}
{"displayname":"RealEnergyImport (kWh)","hwid":"PowerMeter-0a:01:01:01:01:01","sourcetimestamp":"2018-12-04T20:58:58.0000000Z","value":2693614.25}
{"displayname":"RealEnergyImport (kWh)","hwid":"PowerMeter-0a:01:01:01:01:01","sourcetimestamp":"2018-12-04T20:59:02.0000000Z","value":2693614.25}
{"displayname":"RealEnergyImport (kWh)","hwid":"PowerMeter-0a:01:01:01:01:01","sourcetimestamp":"2018-12-04T20:59:06.0000000Z","value":2693614.25}
{"displayname":"RealEnergyImport (kWh)","hwid":"PowerMeter-0a:01:01:01:01:01","sourcetimestamp":"2018-12-04T20:59:10.0000000Z","value":2693614.25}
{"displayname":"RealEnergyImport (kWh)","hwid":"PowerMeter-0a:01:01:01:01:01","sourcetimestamp":"2018-12-04T20:59:14.0000000Z","value":2693614.5}
{"displayname":"RealEnergyImport (kWh)","hwid":"PowerMeter-0a:01:01:01:01:01","sourcetimestamp":"2018-12-04T20:59:18.0000000Z","value":2693614.5}
{"displayname":"RealEnergyImport (kWh)","hwid":"PowerMeter-0a:01:01:01:01:01","sourcetimestamp":"2018-12-04T20:59:22.0000000Z","value":2693614.5}
{"displayname":"RealEnergyImport (kWh)","hwid":"PowerMeter-0a:01:01:01:01:01","sourcetimestamp":"2018-12-04T20:59:27.0000000Z","value":2693614.5}
{"displayname":"RealEnergyImport (kWh)","hwid":"PowerMeter-0a:01:01:01:01:01","sourcetimestamp":"2018-12-04T20:59:31.0000000Z","value":2693614.5}
{"displayname":"RealEnergyImport (kWh)","hwid":"PowerMeter-0a:01:01:01:01:01","sourcetimestamp":"2018-12-04T20:59:35.0000000Z","value":2693614.75}
{"displayname":"RealEnergyImport (kWh)","hwid":"PowerMeter-0a:01:01:01:01:01","sourcetimestamp":"2018-12-04T20:59:39.0000000Z","value":2693614.75}
{"displayname":"RealEnergyImport (kWh)","hwid":"PowerMeter-0a:01:01:01:01:01","sourcetimestamp":"2018-12-04T20:59:43.0000000Z","value":2693614.75}
{"displayname":"RealEnergyImport (kWh)","hwid":"PowerMeter-0a:01:01:01:01:01","sourcetimestamp":"2018-12-04T20:59:47.0000000Z","value":2693614.75}
{"displayname":"RealEnergyImport (kWh)","hwid":"PowerMeter-0a:01:01:01:01:01","sourcetimestamp":"2018-12-04T20:59:51.0000000Z","value":2693614.75}
{"displayname":"RealEnergyImport (kWh)","hwid":"PowerMeter-0a:01:01:01:01:01","sourcetimestamp":"2018-12-04T20:59:55.0000000Z","value":2693614.75}