{"displayname":"RealEnergyImport (kWh)","hwid":"PowerMeter-0a:01:01:01:01:01","sourcetimestamp":"2018-12-04T21:21:55.0000000Z","value":2693629.75}
{"displayname":"RealEnergyImport (kWh)","hwid":"PowerMeter-0a:01:01:01:01:01","sourcetimestamp":"2018-12-04T21:21:59.0000000Z","value":2693629.75}
{"displayname":"RealEnergyImport (kWh)","hwid":"PowerMeter-0a:01:01:01:01:01","sourcetimestamp":"2018-12-04T21:22:03.0000000Z","value":2693629.75}
{"displayname":"RealEnergyImport (kWh)","hwid":"PowerMeter-0a:01:01:01:01:01","sourcetimestamp":"2018-12-04T21:22:07.0000000Z","value":2693629.75}
{"displayname":"RealEnergyImport (kWh)","hwid":"PowerMeter-0a:01:01:01:01:01","sourcetimestamp":"2018-12-04T21:22:11.0000000Z","value":2693629.75}
{"displayname":"RealEnergyImport (kWh)","hwid":"PowerMeter-0a:01:01:01:01:01","sourcetimestamp":"2018-12-04T21:22:16.0000000Z","value":2693630}
{"displayname":"RealEnergyImport (kWh)","hwid":"PowerMeter-0a:01:01:01:01:01","sourcetimestamp":"2018-12-04T21:22:20.0000000Z","value":2693630}
{"displayname":"RealEnergyImport (kWh)","hwid":"PowerMeter-0a:01:01:01:01:01","sourcetimestamp":"2018-12-04T21:22:24.0000000Z","value":2693630}
{"displayname":"RealEnergyImport (kWh)","hwid":"PowerMeter-0a:01:01:01:01:01","sourcetimestamp":"2018-12-04T21:22:28.0000000Z","value":2693630}
{"displayname":"RealEnergyImport (kWh)","hwid":"PowerMeter-0a:01:01:01:01:01","sourcetimestamp":"2018-12-04T21:22:32.0000000Z","value":2693630}
{"displayname":"RealEnergyImport (kWh)","hwid":"PowerMeter-0a:01:01:01:01:01","sourcetimestamp":"2018-12-04T21:22:36.0000000Z","value":2693630}
{"displayname":"RealEnergyImport (kWh)","hwid":"PowerMeter-0a:01:01:01:01:01","sourcetimestamp":"2018-12-04T21:22:40.0000000Z","value":2693630.25}
{"displayname":"RealEnergyImport (kWh)","hwid":"PowerMeter-0a:01:01:01:01:01","sourcetimestamp":"2018-12-04T21:22:44.0000000Z","value":2693630.25}
{"displayname":"RealEnergyImport (kWh)","hwid":"PowerMeter-0a:01:01:01:01:01","sourcetimestamp":"2018-12-04T21:22:48.0000000Z","value":2693630.25}
{"displayname":"RealEnergyImport (kWh)","hwid":"PowerMeter-0a:01:01:01:01:01","sourcetimestamp":"2018-12-04T21:22:53.0000000Z","value":2693630.25}
{"displayname":"RealEnergyImport (kWh)","hwid":"PowerMeter-0a:01:01:01:01:01","sourcetimestamp":"2018-12-04T21:22:57.0000000Z","value":2693630.25}
{"displayname":"RealEnergyImport (kWh)","hwid":"PowerMeter-0a:01:01:01:01:01","sourcetimestamp":"2018-12-04T21:23:01.0000000Z","value":2693630.25}
{"displayname":"RealEnergyImport (kWh)","hwid":"PowerMeter-0a:01:01:01:01:01","sourcetimestamp":"2018-12-04T21:23:05.0000000Z","value":2693630.5}
{"displayname":"RealEnergyImport (kWh)","hwid":"PowerMeter-0a:01:01:01:01:01","sourcetimestamp":"2018-12-04T21:23:09.0000000Z","value":2693630.5}
{"displayname":"RealEnergyImport (kWh)","hwid":"PowerMeter-0a:01:01:01:01:01","sourcetimestamp":"2018-12-04T21:23:13.0000000Z","value":2693630.5}
{"displayname":"RealEnergyImport (kWh)","hwid":"PowerMeter-0a:01:01:01:01:01","sourcetimestamp":"2018-12-04T21:23:17.0000000Z","value":2693630.5}
{"displayname":"RealEnergyImport (kWh)","hwid":"PowerMeter-0a:01:01:01:01:01","sourcetimestamp":"2018-12-04T21:23:21.0000000Z","value":2693630.5}
{"displayname":"RealEnergyImport (kWh)","hwid":"PowerMeter-0a:01:01:01:01:01","sourcetimestamp":"2018-12-04T21:23:25.0000000Z","value":2693630.5}
{"displayname":"RealEnergyImport (kWh)","hwid":"PowerMeter-0a:01:01:01:01:01","sourcetimestamp":"2018-12-04T21:23:29.0000000Z","value":2693630.75}
{"displayname":"RealEnergyImport (kWh)","hwid":"PowerMeter-0a:01:01:01:01:01","sourcetimestamp":"2018-12-04T21:23:34.0000000Z","value":2693630.75}
{"displayname":"RealEnergyImport (kWh)","hwid":"PowerMeter-0a:01:01:01:01:01","sourcetimestamp":"2018-12-04T21:23:38.0000000Z","value":2693630.75}
{"displayname":"RealEnergyImport (kWh)","hwid":"PowerMeter-0a:01:01:01:01:01","sourcetimestamp":"2018-12-04T21:23:43.0000000Z","value":2693630.75}
{"displayname":"RealEnergyImport (kWh)","hwid":"PowerMeter-0a:01:01:01:01:01","sourcetimestamp":"2018-12-04T21:23:47.0000000Z","value":2693630.75}
{"displayname":"RealEnergyImport (kWh)","hwid":"PowerMeter-0a:01:01:01:01:01","sourcetimestamp":"2018-12-04T21:23:51.0000000Z","value":2693631}
{"displayname":"RealEnergyImport (kWh)","hwid":"PowerMeter-0a:01:01:01:01:01","sourcetimestamp":"2018-12-04T21:23:55.0000000Z","value":2693631}
{"displayname":"RealEnergyImport (kWh)","hwid":"PowerMeter-0a:01:01:01:01:01","sourcetimestamp":"2018-12-04T21:23:59.0000000Z","value":2693631}
{"displayname":"RealEnergyImport (kWh)","hwid":"PowerMeter-0a:01:01:01:01:01","sourcetimestamp":"2018-12-04T21:24:04.0000000Z","value":2693631}
{"displayname":"RealEnergyImport (kWh)","hwid":"PowerMeter-0a:01:01:01:01:01","sourcetimestamp":"2018-12-04T21:24:08.0000000Z","value":2693631}
{"displayname":"RealEnergyImport (kWh)","hwid":"PowerMeter-0a:01:01:01:01:01","sourcetimestamp":"2018-12-04T21:24:12.0000000Z","value":2693631}
{"displayname":"RealEnergyImport (kWh)","hwid":"PowerMeter-0a:01:01:01:01:01","sourcetimestamp":"2018-12-04T21:24:17.0000000Z","value":2693631.25}
{"displayname":"RealEnergyImport (kWh)","hwid":"PowerMeter-0a:01:01:01:01:01","sourcetimestamp":"2018-12-04T21:24:21.0000000Z","value":2693631.25}
{"displayname":"RealEnergyImport (kWh)","hwid":"PowerMeter-0a:01:01:01:01:01","sourcetimestamp":"2018-12-04T21:24:25.0000000Z","value":2693631.25}
{"displayname":"RealEnergyImport (kWh)","hwid":"PowerMeter-0a:01:01:01:01:01","sourcetimestamp":"2018-12-04T21:24:29.0000000Z","value":2693631.25}
{"displayname":"RealEnergyImport (kWh)","hwid":"PowerMeter-0a:01:01:01:01:01","sourcetimestamp":"2018-12-04T21:24:33.0000000Z","value":2693631.25}
{"displayname":"RealEnergyImport (kWh)","hwid":"PowerMeter-0a:01:01:01:01:01","sourcetimestamp":"2018-12-04T21:24:37.0000000Z","value":2693631.25}
{"displayname":"RealEnergyImport (kWh)","hwid":"PowerMeter-0a:01:01:01:01:01","sourcetimestamp":"2018-12-04T21:24:41.0000000Z","value":2693631.5}
{"displayname":"RealEnergyImport (kWh)","hwid":"PowerMeter-0a:01:01:01:01:01","sourcetimestamp":"2018-12-04T21:24:46.0000000Z","value":2693631.5}
{"displayname":"RealEnergyImport (kWh)","hwid":"PowerMeter-0a:01:01:01:01:01","sourcetimestamp":"2018-12-04T21:24:50.0000000Z","value":2693631.5}
{"displayname":"RealEnergyImport (kWh)","hwid":"PowerMeter-0a:01:01:01:01:01","sourcetimestamp":"2018-12-04T21:24:54.0000000Z","value":2693631.5}
{"displayname":"RealEnergyImport (kWh)","hwid":"PowerMeter-0a:01:01:01:01:01","sourcetimestamp":"2018-12-04T21:24:59.0000000Z","value":2693631.5}
{"displayname":"RealEnergyImport (kWh)","hwid":"PowerMeter-0a:01:01:01:01:01","sourcetimestamp":"2018-12-04T21:25:03.0000000Z","value":2693631.5}
{"displayname":"RealEnergyImport (kWh)","hwid":"PowerMeter-0a:01:01:01:01:01","sourcetimestamp":"2018-12-04T21:25:07.0000000Z","value":2693631.75}
{"displayname":"RealEnergyImport (kWh)","hwid":"PowerMeter-0a:01:01:01:01:01","sourcetimestamp":"2018-12-04T21:25:11.0000000Z","value":2693631.75}
{"displayname":"RealEnergyImport (kWh)","hwid":"PowerMeter-0a:01:01:01:01:01","sourcetimestamp":"2018-12-04T21:25:15.0000000Z","value":2693631.75}
{"displayname":"RealEnergyImport (kWh)","hwid":"PowerMeter-0a:01:01:01:01:01","sourcetimestamp":"2018-12-04T21:25:19.0000000Z","value":2693631.75}
{"displayname":"RealEnergyImport (kWh)","hwid":"PowerMeter-0a:01:01:01:01:01","sourcetimestamp":"2018-12-04T21:25:23.0000000Z","value":2693631.75}
{"displayname":"RealEnergyImport (kWh)","hwid":"PowerMeter-0a:01:01:01:01:01","sourcetimestamp":"2018-12-04T21:25:27.0000000Z","value":2693631.75}
{"displayname":"RealEnergyImport (kWh)","hwid":"PowerMeter-0a:01:01:01:01:01","sourcetimestamp":"2018-12-04T21:25:31.0000000Z","value":2693632.25}
{"displayname":"RealEnergyImport (kWh)","hwid":"PowerMeter-0a:01:01:01:01:01","sourcetimestamp":"2018-12-04T21:25:35.0000000Z","value":2693632.25}
{"displayname":"RealEnergyImport (kWh)","hwid":"PowerMeter-0a:01:01:01:01:01","sourcetimestamp":"2018-12-04T21:25:39.0000000Z","value":2693632.25}
{"displayname":"RealEnergyImport (kWh)","hwid":"PowerMeter-0a:01:01:01:01:01","sourcetimestamp":"2018-12-04T21:25:43.0000000Z","value":2693632.25}
{"displayname":"RealEnergyImport (kWh)","hwid":"PowerMeter-0a:01:01:01:01:01","sourcetimestamp":"2018-12-04T21:25:47.0000000Z","value":2693632.25}
{"displayname":"RealEnergyImport (kWh)","hwid":"PowerMeter-0a:01:01:01:01:01","sourcetimestamp":"2018-12-04T21:25:51.0000000Z","value":2693632.25}
{"displayname":"RealEnergyImport (kWh)","hwid":"PowerMeter-0a:01:01:01:01:01","sourcetimestamp":"2018-12-04T21:25:56.0000000Z","value":2693632.5}
{"displayname":"RealEnergyImport (kWh)","hwid":"PowerMeter-0a:01:01:01:01:01","sourcetimestamp":"2018-12-04T21:26:00.0000000Z","value":2693632.5}
{"displayname":"RealEnergyImport (kWh)","hwid":"PowerMeter-0a:01:01:01:01:01","sourcetimestamp":"2018-12-04T21:26:04.0000000Z","value":2693632.5}
{"displayname":"RealEnergyImport (kWh)","hwid":"PowerMeter-0a:01:01:01:01:01","sourcetimestamp":"2018-12-04T21:26:08.0000000Z","value":2693632.5}
{"displayname":"RealEnergyImport (kWh)","hwid":"PowerMeter-0a:01:01:01:01:01","sourcetimestamp":"2018-12-04T21:26:12.0000000Z","value":2693632.5}
{"displayname":"RealEnergyImport (kWh)","hwid":"PowerMeter-0a:01:01:01:01:01","sourcetimestamp":"2018-12-04T21:26:16.0000000Z","value":2693632.5}
{"displayname":"RealEnergyImport (kWh)","hwid":"PowerMeter-0a:01:01:01:01:01","sourcetimestamp":"2018-12-04T21:26:20.0000000Z","value":2693632.75}
{"displayname":"RealEnergyImport (kWh)","hwid":"PowerMeter-0a:01:01:01:01:01","sourcetimestamp":"2018-12-04T21:26:24.0000000Z","value":2693632.75}
{"displayname":"RealEnergyImport (kWh)","hwid":"PowerMeter-0a:01:01:01:01:01","sourcetimestamp":"2018-12-04T21:26:28.0000000Z","value":2693632.75}
{"displayname":"RealEnergyImport (kWh)","hwid":"PowerMeter-0a:01:01:01:01:01","sourcetimestamp":"2018-12-04T21:26:32.0000000Z","value":2693632.75}
{"displayname":"RealEnergyImport (kWh)","hwid":"PowerMeter-0a:01:01:01:01:01","sourcetimestamp":"2018-12-04T21:26:36.0000000Z","value":2693632.75}
{"displayname":"RealEnergyImport (kWh)","hwid":"PowerMeter-0a:01:01:01:01:01","sourcetimestamp":"2018-12-04T21:26:40.0000000Z","value":2693632.75}
{"displayname":"RealEnergyImport (kWh)","hwid":"PowerMeter-0a:01:01:01:01:01","sourcetimestamp":"2018-12-04T21:26:45.0000000Z","value":2693633}
{"displayname":"RealEnergyImport (kWh)","hwid":"PowerMeter-0a:01:01:01:01:01","sourcetimestamp":"2018-12-04T21:26:50.0000000Z","value":2693633}
{"displayname":"RealEnergyImport (kWh)","hwid":"PowerMeter-0a:01:01:01:01:01","sourcetimestamp":"2018-12-04T21:26:54.0000000Z","value":2693633}
{"displayname":"RealEnergyImport (kWh)","hwid":"PowerMeter-0a:01:01:01:01:01","sourcetimestamp":"2018-12-04T21:26:58.0000000Z","value":2693633}
{"displayname":"RealEnergyImport (kWh)","hwid":"PowerMeter-0a:01:01:01:01:01","sourcetimestamp":"2018-12-04T21:27:02.0000000Z","value":2693633}
{"displayname":"RealEnergyImport (kWh)","hwid":"PowerMeter-0a:01:01:01:01:01","sourcetimestamp":"2018-12-04T21:27:06.0000000Z","value":2693633}
{"displayname":"RealEnergyImport (kWh)","hwid":"PowerMeter-0a:01:01:01:01:01","sourcetimestamp":"2018-12-04T21:27:11.0000000Z","value":2693633.25}
{"displayname":"RealEnergyImport (kWh)","hwid":"PowerMeter-0a:01:01:01:01:01","sourcetimestamp":"2018-12-04T21:27:15.0000000Z","value":2693633.25}
{"displayname":"RealEnergyImport (kWh)","hwid":"PowerMeter-0a:01:01:01:01:01","sourcetimestamp":"2018-12-04T21:27:19.0000000Z","value":2693633.25}
{"displayname":"RealEnergyImport (kWh)","hwid":"PowerMeter-0a:01:01:01:01:01","sourcetimestamp":"2018-12-04T21:27:23.0000000Z","value":2693633.25}
{"displayname":"RealEnergyImport (kWh)","hwid":"PowerMeter-0a:01:01:01:01:01","sourcetimestamp":"2018-12-04T21:27:27.0000000Z","value":2693633.25}
{"displayname":"RealEnergyImport (kWh)","hwid":"PowerMeter-0a:01:01:01:01:01","sourcetimestamp":"2018-12-04T21:27:31.0000000Z","value":2693633.25}
{"displayname":"RealEnergyImport (kWh)","hwid":"PowerMeter-0a:01:01:01:01:01","sourcetimestamp":"2018-12-04T21:27:35.0000000Z","value":2693633.5}
{"displayname":"RealEnergyImport (kWh)","hwid":"PowerMeter-0a:01:01:01:01:01","sourcetimestamp":"2018-12-04T21:27:39.0000000Z","value":2693633.5}
{"displayname":"RealEnergyImport (kWh)","hwid":"PowerMeter-0a:01:01:01:01:01","sourcetimestamp":"2018-12-04T21:27:44.0000000Z","value":2693633.5}
{"displayname":"RealEnergyImport (kWh)","hwid":"PowerMeter-0a:01:01:01:01:01","sourcetimestamp":"2018-12-04T21:27:48.0000000Z","value":2693633.5}
{"displayname":"RealEnergyImport (kWh)","hwid":"PowerMeter-0a:01:01:01:01:01","sourcetimestamp":"2018-12-04T21:27:52.0000000Z","value":2693633.5}
{"displayname":"RealEnergyImport (kWh)","hwid":"PowerMeter-0a:01:01:01:01:01","sourcetimestamp":"2018-12-04T21:27:56.0000000Z","value":2693633.5}
{"displayname":"RealEnergyImport (kWh)","hwid":"PowerMeter-0a:01:01:01:01:01","sourcetimestamp":"2018-12-04T21:28:00.0000000Z","value":2693633.75}
{"displayname":"RealEnergyImport (kWh)","hwid":"PowerMeter-0a:01:01:01:01:01","sourcetimestamp":"2018-12-04T21:28:04.0000000Z","value":2693633.75}
{"displayname":"RealEnergyImport (kWh)","hwid":"PowerMeter-0a:01:01:01:01:01","sourcetimestamp":"2018-12-04T21:28:08.0000000Z","value":2693633.75}
{"displayname":"RealEnergyImport (kWh)","hwid":"PowerMeter-0a:01:01:01:01:01","sourcetimestamp":"2018-12-04T21:28:12.0000000Z","value":2693633.75}
{"displayname":"RealEnergyImport (kWh)","hwid":"PowerMeter-0a:01:01:01:01:01","sourcetimestamp":"2018-12-04T21:28:16.0000000Z","value":2693633.75}
{"displayname":"RealEnergyImport (kWh)","hwid":"PowerMeter-0a:01:01:01:01:01","sourcetimestamp":"2018-12-04T21:28:20.0000000Z","value":2693633.75}
{"displayname":"RealEnergyImport (kWh)","hwid":"PowerMeter-0a:01:01:01:01:01","sourcetimestamp":"2018-12-04T21:28:24.0000000Z","value":2693633.75}
{"displayname":"RealEnergyImport (kWh)","hwid":"PowerMeter-0a:01:01:01:01:01","sourcetimestamp":"2018-12-04T21:28:28.0000000Z","value":2693634}
{"displayname":"RealEnergyImport (kWh)","hwid":"PowerMeter-0a:01:01:01:01:01","sourcetimestamp":"2018-12-04T21:28:32.0000000Z","value":2693634}
{"displayname":"RealEnergyImport (kWh)","hwid":"PowerMeter-0a:01:01:01:01:01","sourcetimestamp":"2018-12-04T21:28:36.0000000Z","value":2693634}
{"displayname":"RealEnergyImport (kWh)","hwid":"PowerMeter-0a:01:01:01:01:01","sourcetimestamp":"2018-12-04T21:28:41.0000000Z","value":2693634}
{"displayname":"RealEnergyImport (kWh)","hwid":"PowerMeter-0a:01:01:01:01:01","sourcetimestamp":"2018-12-04T21:28:45.0000000Z","value":2693634}
{"displayname":"RealEnergyImport (kWh)","hwid":"PowerMeter-0a:01:01:01:01:01","sourcetimestamp":"2018-12-04T21:28:49.0000000Z","value":2693634}
{"displayname":"RealEnergyImport (kWh)","hwid":"PowerMeter-0a:01:01:01:01:01","sourcetimestamp":"2018-12-04T21:28:53.0000000Z","value":2693634.25}
{"displayname":"RealEnergyImport (kWh)","hwid":"PowerMeter-0a:01:01:01:01:01","sourcetimestamp":"2018-12-04T21:28:57.0000000Z","value":2693634.25}
{"displayname":"RealEnergyImport (kWh)","hwid":"PowerMeter-0a:01:01:01:01:01","sourcetimestamp":"2018-12-04T21:29:01.0000000Z","value":2693634.25}
{"displayname":"RealEnergyImport (kWh)","hwid":"PowerMeter-0a:01:01:01:01:01","sourcetimestamp":"2018-12-04T21:29:05.0000000Z","value":2693634.25}
{"displayname":"RealEnergyImport (kWh)","hwid":"PowerMeter-0a:01:01:01:01:01","sourcetimestamp":"2018-12-04T21:29:09.0000000Z","value":2693634.25}
{"displayname":"RealEnergyImport (kWh)","hwid":"PowerMeter-0a:01:01:01:01:01","sourcetimestamp":"2018-12-04T21:29:13.0000000Z","value":2693634.25}
{"displayname":"RealEnergyImport (kWh)","hwid":"PowerMeter-0a:01:01:01:01:01","sourcetimestamp":"2018-12-04T21:29:17.0000000Z","value":2693634.5}
{"displayname":"RealEnergyImport (kWh)","hwid":"PowerMeter-0a:01:01:01:01:01","sourcetimestamp":"2018-12-04T21:29:21.0000000Z","value":2693634.5}
{"displayname":"RealEnergyImport (kWh)","hwid":"PowerMeter-0a:01:01:01:01:01","sourcetimestamp":"2018-12-04T21:29:25.0000000Z","value":2693634.5}
{"displayname":"RealEnergyImport (kWh)","hwid":"PowerMeter-0a:01:01:01:01:01","sourcetimestamp":"2018-12-04T21:29:29.0000000Z","value":2693634.5}
{"displayname":"RealEnergyImport (kWh)","hwid":"PowerMeter-0a:01:01:01:01:01","sourcetimestamp":"2018-12-04T21:29:34.0000000Z","value":2693634.5}
{"displayname":"RealEnergyImport (kWh)","hwid":"PowerMeter-0a:01:01:01:01:01","sourcetimestamp":"2018-12-04T21:29:38.0000000Z","value":2693634.5}
{"displayname":"RealEnergyImport (kWh)","hwid":"PowerMeter-0a:01:01:01:01:01","sourcetimestamp":"2018-12-04T21:29:42.0000000Z","value":2693634.75}
{"displayname":"RealEnergyImport (kWh)","hwid":"PowerMeter-0a:01:01:01:01:01","sourcetimestamp":"2018-12-04T21:29:47.0000000Z","value":2693634.75}
{"displayname":"RealEnergyImport (kWh)","hwid":"PowerMeter-0a:01:01:01:01:01","sourcetimestamp":"2018-12-04T21:29:51.0000000Z","value":2693634.75}
{"displayname":"RealEnergyImport (kWh)","hwid":"PowerMeter-0a:01:01:01:01:01","sourcetimestamp":"2018-12-04T21:29:55.0000000Z","value":2693634.75}
{"displayname":"RealEnergyImport (kWh)","hwid":"PowerMeter-0a:01:01:01:01:01","sourcetimestamp":"2018-12-04T21:29:59.0000000Z","value":2693634.75}
{"displayname":"RealEnergyImport (kWh)","hwid":"PowerMeter-0a:01:01:01:01:01","sourcetimestamp":"2018-12-04T21:30:03.0000000Z","value":2693634.75}
{"displayname":"RealEnergyImport (kWh)","hwid":"PowerMeter-0a:01:01:01:01:01","sourcetimestamp":"2018-12-04T21:30:07.0000000Z","value":2693635}
{"displayname":"RealEnergyImport (kWh)","hwid":"PowerMeter-0a:01:01:01:01:01","sourcetimestamp":"2018-12-04T21:30:11.0000000Z","value":2693635}
{"displayname":"RealEnergyImport (kWh)","hwid":"PowerMeter-0a:01:01:01:01:01","sourcetimestamp":"2018-12-04T21:30:15.0000000Z","value":2693635}
{"displayname":"RealEnergyImport (kWh)","hwid":"PowerMeter-0a:01:01:01:01:01","sourcetimestamp":"2018-12-04T21:30:19.0000000Z","value":2693635}
{"displayname":"RealEnergyImport (kWh)","hwid":"PowerMeter-0a:01:01:01:01:01","sourcetimestamp":"2018-12-04T21:30:25.0000000Z","value":2693635}
{"displayname":"RealEnergyImport (kWh)","hwid":"PowerMeter-0a:01:01:01:01:01","sourcetimestamp":"2018-12-04T21:30:29.0000000Z","value":2693635}
{"displayname":"RealEnergyImport (kWh)","hwid":"PowerMeter-0a:01:01:01:01:01","sourcetimestamp":"2018-12-04T21:30:33.0000000Z","value":2693635.25}
{"displayname":"RealEnergyImport (kWh)","hwid":"PowerMeter-0a:01:01:01:01:01","sourcetimestamp":"2018-12-04T21:30:38.0000000Z","value":2693635.25}
{"displayname":"RealEnergyImport (kWh)","hwid":"PowerMeter-0a:01:01:01:01:01","sourcetimestamp":"2018-12-04T21:30:43.0000000Z","value":2693635.25}
{"displayname":"RealEnergyImport (kWh)","hwid":"PowerMeter-0a:01:01:01:01:01","sourcetimestamp":"2018-12-04T21:30:48.0000000Z","value":2693635.25}
{"displayname":"RealEnergyImport (kWh)","hwid":"PowerMeter-0a:01:01:01:01:01","sourcetimestamp":"2018-12-04T21:30:52.0000000Z","value":2693635.25}
{"displayname":"RealEnergyImport (kWh)","hwid":"PowerMeter-0a:01:01:01:01:01","sourcetimestamp":"2018-12-04T21:30:56.0000000Z","value":2693635.25}
{"displayname":"RealEnergyImport (kWh)","hwid":"PowerMeter-0a:01:01:01:01:01","sourcetimestamp":"2018-12-04T21:31:00.0000000Z","value":2693635.5}
{"displayname":"RealEnergyImport (kWh)","hwid":"PowerMeter-0a:01:01:01:01:01","sourcetimestamp":"2018-12-04T21:31:04.0000000Z","value":2693635.5}
{"displayname":"RealEnergyImport (kWh)","hwid":"PowerMeter-0a:01:01:01:01:01","sourcetimestamp":"2018-12-04T21:31:08.0000000Z","value":2693635.5}
{"displayname":"RealEnergyImport (kWh)","hwid":"PowerMeter-0a:01:01:01:01:01","sourcetimestamp":"2018-12-04T21:31:12.0000000Z","value":2693635.5}
{"displayname":"RealEnergyImport (kWh)","hwid":"PowerMeter-0a:01:01:01:01:01","sourcetimestamp":"2018-12-04T21:31:16.0000000Z","value":2693635.5}
{"displayname":"RealEnergyImport (kWh)","hwid":"PowerMeter-0a:01:01:01:01:01","sourcetimestamp":"2018-12-04T21:31:21.0000000Z","value":2693635.5}
{"displayname":"RealEnergyImport (kWh)","hwid":"PowerMeter-0a:01:01:01:01:01","sourcetimestamp":"2018-12-04T21:31:25.0000000Z","value":2693635.75}
{"displayname":"RealEnergyImport (kWh)","hwid":"PowerMeter-0a:01:01:01:01:01","sourcetimestamp":"2018-12-04T21:31:29.0000000Z","value":2693635.75}
{"displayname":"RealEnergyImport (kWh)","hwid":"PowerMeter-0a:01:01:01:01:01","sourcetimestamp":"2018-12-04T21:31:34.0000000Z","value":2693635.75}
{"displayname":"RealEnergyImport (kWh)","hwid":"PowerMeter-0a:01:01:01:01:01","sourcetimestamp":"2018-12-04T21:31:39.0000000Z","value":2693635.75}
{"displayname":"RealEnergyImport (kWh)","hwid":"PowerMeter-0a:01:01:01:01:01","sourcetimestamp":"2018-12-04T21:31:43.0000000Z","value":2693635.75}
{"displayname":"RealEnergyImport (kWh)","hwid":"PowerMeter-0a:01:01:01:01:01","sourcetimestamp":"2018-12-04T21:31:47.0000000Z","value":2693635.75}
{"displayname":"RealEnergyImport (kWh)","hwid":"PowerMeter-0a:01:01:01:01:01","sourcetimestamp":"2018-12-04T21:31:51.0000000Z","value":2693636}
{"displayname":"RealEnergyImport (kWh)","hwid":"PowerMeter-0a:01:01:01:01:01","sourcetimestamp":"2018-12-04T21:31:55.0000000Z","value":2693636}
{"displayname":"RealEnergyImport (kWh)","hwid":"PowerMeter-0a:01:01:01:01:01","sourcetimestamp":"2018-12-04T21:31:59.0000000Z","value":2693636}
{"displayname":"RealEnergyImport (kWh)","hwid":"PowerMeter-0a:01:01:01:01:01","sourcetimestamp":"2018-12-04T21:32:03.0000000Z","value":2693636}
{"displayname":"RealEnergyImport (kWh)","hwid":"PowerMeter-0a:01:01:01:01:01","sourcetimestamp":"2018-12-04T21:32:07.0000000Z","value":2693636}
{"displayname":"RealEnergyImport (kWh)","hwid":"PowerMeter-0a:01:01:01:01:01","sourcetimestamp":"2018-12-04T21:32:11.0000000Z","value":2693636}
{"displayname":"RealEnergyImport (kWh)","hwid":"PowerMeter-0a:01:01:01:01:01","sourcetimestamp":"2018-12-04T21:32:15.0000000Z","value":2693636}
{"displayname":"RealEnergyImport (kWh)","hwid":"PowerMeter-0a:01:01:01:01:01","sourcetimestamp":"2018-12-04T21:32:19.0000000Z","value":2693636.25}
{"displayname":"RealEnergyImport (kWh)","hwid":"PowerMeter-0a:01:01:01:01:01","sourcetimestamp":"2018-12-04T21:32:23.0000000Z","value":2693636.25}
{"displayname":"RealEnergyImport (kWh)","hwid":"PowerMeter-0a:01:01:01:01:01","sourcetimestamp":"2018-12-04T21:32:27.0000000Z","value":2693636.25}
{"displayname":"RealEnergyImport (kWh)","hwid":"PowerMeter-0a:01:01:01:01:01","sourcetimestamp":"2018-12-04T21:32:31.0000000Z","value":2693636.25}
{"displayname":"RealEnergyImport (kWh)","hwid":"PowerMeter-0a:01:01:01:01:01","sourcetimestamp":"2018-12-04T21:32:36.0000000Z","value":2693636.25}
{"displayname":"RealEnergyImport (kWh)","hwid":"PowerMeter-0a:01:01:01:01:01","sourcetimestamp":"2018-12-04T21:32:40.0000000Z","value":2693636.25}
{"displayname":"RealEnergyImport (kWh)","hwid":"PowerMeter-0a:01:01:01:01:01","sourcetimestamp":"2018-12-04T21:32:44.0000000Z","value":2693636.5}
{"displayname":"RealEnergyImport (kWh)","hwid":"PowerMeter-0a:01:01:01:01:01","sourcetimestamp":"2018-12-04T21:32:48.0000000Z","value":2693636.5}
{"displayname":"RealEnergyImport (kWh)","hwid":"PowerMeter-0a:01:01:01:01:01","sourcetimestamp":"2018-12-04T21:32:52.0000000Z","value":2693636.5}
{"displayname":"RealEnergyImport (kWh)","hwid":"PowerMeter-0a:01:01:01:01:01","sourcetimestamp":"2018-12-04T21:32:56.0000000Z","value":2693636.5}
{"displayname":"RealEnergyImport (kWh)","hwid":"PowerMeter-0a:01:01:01:01:01","sourcetimestamp":"2018-12-04T21:33:00.0000000Z","value":2693636.5}
{"displayname":"RealEnergyImport (kWh)","hwid":"PowerMeter-0a:01:01:01:01:01","sourcetimestamp":"2018-12-04T21:33:04.0000000Z","value":2693636.5}
{"displayname":"RealEnergyImport (kWh)","hwid":"PowerMeter-0a:01:01:01:01:01","sourcetimestamp":"2018-12-04T21:33:08.0000000Z","value":2693636.75}
{"displayname":"RealEnergyImport (kWh)","hwid":"PowerMeter-0a:01:01:01:01:01","sourcetimestamp":"2018-12-04T21:33:12.0000000Z","value":2693636.75}
{"displayname":"RealEnergyImport (kWh)","hwid":"PowerMeter-0a:01:01:01:01:01","sourcetimestamp":"2018-12-04T21:33:16.0000000Z","value":2693636.75}
{"displayname":"RealEnergyImport (kWh)","hwid":"PowerMeter-0a:01:01:01:01:01","sourcetimestamp":"2018-12-04T21:33:20.0000000Z","value":2693636.75}
{"displayname":"RealEnergyImport (kWh)","hwid":"PowerMeter-0a:01:01:01:01:01","sourcetimestamp":"2018-12-04T21:33:24.0000000Z","value":2693636.75}
{"displayname":"RealEnergyImport (kWh)","hwid":"PowerMeter-0a:01:01:01:01:01","sourcetimestamp":"2018-12-04T21:33:28.0000000Z","value":2693636.75}
{"displayname":"RealEnergyImport (kWh)","hwid":"PowerMeter-0a:01:01:01:01:01","sourcetimestamp":"2018-12-04T21:33:32.0000000Z","value":2693636.75}
{"displayname":"RealEnergyImport (kWh)","hwid":"PowerMeter-0a:01:01:01:01:01","sourcetimestamp":"2018-12-04T21:33:37.0000000Z","value":2693637}
{"displayname":"RealEnergyImport (kWh)","hwid":"PowerMeter-0a:01:01:01:01:01","sourcetimestamp":"2018-12-04T21:33:41.0000000Z","value":2693637}
{"displayname":"RealEnergyImport (kWh)","hwid":"PowerMeter-0a:01:01:01:01:01","sourcetimestamp":"2018-12-04T21:33:45.0000000Z","value":2693637}
{"displayname":"RealEnergyImport (kWh)","hwid":"PowerMeter-0a:01:01:01:01:01","sourcetimestamp":"2018-12-04T21:33:49.0000000Z","value":2693637}
{"displayname":"RealEnergyImport (kWh)","hwid":"PowerMeter-0a:01:01:01:01:01","sourcetimestamp":"2018-12-04T21:33:53.0000000Z","value":2693637}
{"displayname":"RealEnergyImport (kWh)","hwid":"PowerMeter-0a:01:01:01:01:01","sourcetimestamp":"2018-12-04T21:33:57.0000000Z","value":2693637}
{"displayname":"RealEnergyImport (kWh)","hwid":"PowerMeter-0a:01:01:01:01:01","sourcetimestamp":"2018-12-04T21:34:01.0000000Z","value":2693637.25}
{"displayname":"RealEnergyImport (kWh)","hwid":"PowerMeter-0a:01:01:01:01:01","sourcetimestamp":"2018-12-04T21:34:05.0000000Z","value":2693637.25}
{"displayname":"RealEnergyImport (kWh)","hwid":"PowerMeter-0a:01:01:01:01:01","sourcetimestamp":"2018-12-04T21:34:09.0000000Z","value":2693637.25}
{"displayname":"RealEnergyImport (kWh)","hwid":"PowerMeter-0a:01:01:01:01:01","sourcetimestamp":"2018-12-04T21:34:13.0000000Z","value":2693637.25}
{"displayname":"RealEnergyImport (kWh)","hwid":"PowerMeter-0a:01:01:01:01:01","sourcetimestamp":"2018-12-04T21:34:17.0000000Z","value":2693637.25}
{"displayname":"RealEnergyImport (kWh)","hwid":"PowerMeter-0a:01:01:01:01:01","sourcetimestamp":"2018-12-04T21:34:21.0000000Z","value":2693637.25}
{"displayname":"RealEnergyImport (kWh)","hwid":"PowerMeter-0a:01:01:01:01:01","sourcetimestamp":"2018-12-04T21:34:26.0000000Z","value":2693637.5}
{"displayname":"RealEnergyImport (kWh)","hwid":"PowerMeter-0a:01:01:01:01:01","sourcetimestamp":"2018-12-04T21:34:30.0000000Z","value":2693637.5}
{"displayname":"RealEnergyImport (kWh)","hwid":"PowerMeter-0a:01:01:01:01:01","sourcetimestamp":"2018-12-04T21:34:34.0000000Z","value":2693637.5}
{"displayname":"RealEnergyImport (kWh)","hwid":"PowerMeter-0a:01:01:01:01:01","sourcetimestamp":"2018-12-04T21:34:39.0000000Z","value":2693637.5}
{"displayname":"RealEnergyImport (kWh)","hwid":"PowerMeter-0a:01:01:01:01:01","sourcetimestamp":"2018-12-04T21:34:43.0000000Z","value":2693637.5}
{"displayname":"RealEnergyImport (kWh)","hwid":"PowerMeter-0a:01:01:01:01:01","sourcetimestamp":"2018-12-04T21:34:47.0000000Z","value":2693637.5}
{"displayname":"RealEnergyImport (kWh)","hwid":"PowerMeter-0a:01:01:01:01:01","sourcetimestamp":"2018-12-04T21:34:51.0000000Z","value":2693637.5}
{"displayname":"RealEnergyImport (kWh)","hwid":"PowerMeter-0a:01:01:01:01:01","sourcetimestamp":"2018-12-04T21:34:55.0000000Z","value":2693637.75}
{"displayname":"RealEnergyImport (kWh)","hwid":"PowerMeter-0a:01:01:01:01:01","sourcetimestamp":"2018-12-04T21:34:59.0000000Z","value":2693637.75}
{"displayname":"RealEnergyImport (kWh)","hwid":"PowerMeter-0a:01:01:01:01:01","sourcetimestamp":"2018-12-04T21:35:03.0000000Z","value":2693637.75}
{"displayname":"RealEnergyImport (kWh)","hwid":"PowerMeter-0a:01:01:01:01:01","sourcetimestamp":"2018-12-04T21:35:07.0000000Z","value":2693637.75}
{"displayname":"RealEnergyImport (kWh)","hwid":"PowerMeter-0a:01:01:01:01:01","sourcetimestamp":"2018-12-04T21:35:14.0000000Z","value":2693637.75}
{"displayname":"RealEnergyImport (kWh)","hwid":"PowerMeter-0a:01:01:01:01:01","sourcetimestamp":"2018-12-04T21:35:18.0000000Z","value":2693637.75}
{"displayname":"RealEnergyImport (kWh)","hwid":"PowerMeter-0a:01:01:01:01:01","sourcetimestamp":"2018-12-04T21:35:22.0000000Z","value":2693638}
{"displayname":"RealEnergyImport (kWh)","hwid":"PowerMeter-0a:01:01:01:01:01","sourcetimestamp":"2018-12-04T21:35:26.0000000Z","value":2693638}
{"displayname":"RealEnergyImport (kWh)","hwid":"PowerMeter-0a:01:01:01:01:01","sourcetimestamp":"2018-12-04T21:35:30.0000000Z","value":2693638}
{"displayname":"RealEnergyImport (kWh)","hwid":"PowerMeter-0a:01:01:01:01:01","sourcetimestamp":"2018-12-04T21:35:34.0000000Z","value":2693638}
{"displayname":"RealEnergyImport (kWh)","hwid":"PowerMeter-0a:01:01:01:01:01","sourcetimestamp":"2018-12-04T21:35:38.0000000Z","value":2693638}