{"displayname":"RealEnergyImport (kWh)","hwid":"PowerMeter-0a:01:01:01:01:01","sourcetimestamp":"2018-12-04T20:59:59.0000000Z","value":2693615}
{"displayname":"RealEnergyImport (kWh)","hwid":"PowerMeter-0a:01:01:01:01:01","sourcetimestamp":"2018-12-04T21:00:04.0000000Z","value":2693615}
{"displayname":"RealEnergyImport (kWh)","hwid":"PowerMeter-0a:01:01:01:01:01","sourcetimestamp":"2018-12-04T21:00:08.0000000Z","value":2693615}
{"displayname":"RealEnergyImport (kWh)","hwid":"PowerMeter-0a:01:01:01:01:01","sourcetimestamp":"2018-12-04T21:00:12.0000000Z","value":2693615}
{"displayname":"RealEnergyImport (kWh)","hwid":"PowerMeter-0a:01:01:01:01:01","sourcetimestamp":"2018-12-04T21:00:16.0000000Z","value":2693615}
{"displayname":"RealEnergyImport (kWh)","hwid":"PowerMeter-0a:01:01:01:01:01","sourcetimestamp":"2018-12-04T21:00:20.0000000Z","value":2693615.25}
{"displayname":"RealEnergyImport (kWh)","hwid":"PowerMeter-0a:01:01:01:01:01","sourcetimestamp":"2018-12-04T21:00:24.0000000Z","value":2693615.25}
{"displayname":"RealEnergyImport (kWh)","hwid":"PowerMeter-0a:01:01:01:01:01","sourcetimestamp":"2018-12-04T21:00:28.0000000Z","value":2693615.25}
{"displayname":"RealEnergyImport (kWh)","hwid":"PowerMeter-0a:01:01:01:01:01","sourcetimestamp":"2018-12-04T21:00:32.0000000Z","value":2693615.25}
{"displayname":"RealEnergyImport (kWh)","hwid":"PowerMeter-0a:01:01:01:01:01","sourcetimestamp":"2018-12-04T21:00:36.0000000Z","value":2693615.25}
{"displayname":"RealEnergyImport (kWh)","hwid":"PowerMeter-0a:01:01:01:01:01","sourcetimestamp":"2018-12-04T21:00:41.0000000Z","value":2693615.5}
{"displayname":"RealEnergyImport (kWh)","hwid":"PowerMeter-0a:01:01:01:01:01","sourcetimestamp":"2018-12-04T21:00:45.0000000Z","value":2693615.5}
{"displayname":"RealEnergyImport (kWh)","hwid":"PowerMeter-0a:01:01:01:01:01","sourcetimestamp":"2018-12-04T21:00:49.0000000Z","value":2693615.5}
{"displayname":"RealEnergyImport (kWh)","hwid":"PowerMeter-0a:01:01:01:01:01","sourcetimestamp":"2018-12-04T21:00:53.0000000Z","value":2693615.5}
{"displayname":"RealEnergyImport (kWh)","hwid":"PowerMeter-0a:01:01:01:01:01","sourcetimestamp":"2018-12-04T21:00:57.0000000Z","value":2693615.5}
{"displayname":"RealEnergyImport (kWh)","hwid":"PowerMeter-0a:01:01:01:01:01","sourcetimestamp":"2018-12-04T21:01:01.0000000Z","value":2693615.75}
{"displayname":"RealEnergyImport (kWh)","hwid":"PowerMeter-0a:01:01:01:01:01","sourcetimestamp":"2018-12-04T21:01:05.0000000Z","value":2693615.75}
{"displayname":"RealEnergyImport (kWh)","hwid":"PowerMeter-0a:01:01:01:01:01","sourcetimestamp":"2018-12-04T21:01:09.0000000Z","value":2693615.75}
{"displayname":"RealEnergyImport (kWh)","hwid":"PowerMeter-0a:01:01:01:01:01","sourcetimestamp":"2018-12-04T21:01:13.0000000Z","value":2693615.75}
{"displayname":"RealEnergyImport (kWh)","hwid":"PowerMeter-0a:01:01:01:01:01","sourcetimestamp":"2018-12-04T21:01:17.0000000Z","value":2693615.75}
{"displayname":"RealEnergyImport (kWh)","hwid":"PowerMeter-0a:01:01:01:01:01","sourcetimestamp":"2018-12-04T21:01:21.0000000Z","value":2693615.75}
{"displayname":"RealEnergyImport (kWh)","hwid":"PowerMeter-0a:01:01:01:01:01","sourcetimestamp":"2018-12-04T21:01:25.0000000Z","value":2693616}
{"displayname":"RealEnergyImport (kWh)","hwid":"PowerMeter-0a:01:01:01:01:01","sourcetimestamp":"2018-12-04T21:01:29.0000000Z","value":2693616}
{"displayname":"RealEnergyImport (kWh)","hwid":"PowerMeter-0a:01:01:01:01:01","sourcetimestamp":"2018-12-04T21:01:33.0000000Z","value":2693616}
{"displayname":"RealEnergyImport (kWh)","hwid":"PowerMeter-0a:01:01:01:01:01","sourcetimestamp":"2018-12-04T21:01:37.0000000Z","value":2693616}
{"displayname":"RealEnergyImport (kWh)","hwid":"PowerMeter-0a:01:01:01:01:01","sourcetimestamp":"2018-12-04T21:01:42.0000000Z","value":2693616}
{"displayname":"RealEnergyImport (kWh)","hwid":"PowerMeter-0a:01:01:01:01:01","sourcetimestamp":"2018-12-04T21:01:46.0000000Z","value":2693616.25}
{"displayname":"RealEnergyImport (kWh)","hwid":"PowerMeter-0a:01:01:01:01:01","sourcetimestamp":"2018-12-04T21:01:50.0000000Z","value":2693616.25}
{"displayname":"RealEnergyImport (kWh)","hwid":"PowerMeter-0a:01:01:01:01:01","sourcetimestamp":"2018-12-04T21:01:55.0000000Z","value":2693616.25}
{"displayname":"RealEnergyImport (kWh)","hwid":"PowerMeter-0a:01:01:01:01:01","sourcetimestamp":"2018-12-04T21:01:59.0000000Z","value":2693616.25}
{"displayname":"RealEnergyImport (kWh)","hwid":"PowerMeter-0a:01:01:01:01:01","sourcetimestamp":"2018-12-04T21:02:03.0000000Z","value":2693616.25}
{"displayname":"RealEnergyImport (kWh)","hwid":"PowerMeter-0a:01:01:01:01:01","sourcetimestamp":"2018-12-04T21:02:07.0000000Z","value":2693616.5}
{"displayname":"RealEnergyImport (kWh)","hwid":"PowerMeter-0a:01:01:01:01:01","sourcetimestamp":"2018-12-04T21:02:11.0000000Z","value":2693616.5}
{"displayname":"RealEnergyImport (kWh)","hwid":"PowerMeter-0a:01:01:01:01:01","sourcetimestamp":"2018-12-04T21:02:15.0000000Z","value":2693616.5}
{"displayname":"RealEnergyImport (kWh)","hwid":"PowerMeter-0a:01:01:01:01:01","sourcetimestamp":"2018-12-04T21:02:19.0000000Z","value":2693616.5}
{"displayname":"RealEnergyImport (kWh)","hwid":"PowerMeter-0a:01:01:01:01:01","sourcetimestamp":"2018-12-04T21:02:23.0000000Z","value":2693616.5}
{"displayname":"RealEnergyImport (kWh)","hwid":"PowerMeter-0a:01:01:01:01:01","sourcetimestamp":"2018-12-04T21:02:27.0000000Z","value":2693616.5}
{"displayname":"RealEnergyImport (kWh)","hwid":"PowerMeter-0a:01:01:01:01:01","sourcetimestamp":"2018-12-04T21:02:31.0000000Z","value":2693616.75}
{"displayname":"RealEnergyImport (kWh)","hwid":"PowerMeter-0a:01:01:01:01:01","sourcetimestamp":"2018-12-04T21:02:35.0000000Z","value":2693616.75}
{"displayname":"RealEnergyImport (kWh)","hwid":"PowerMeter-0a:01:01:01:01:01","sourcetimestamp":"2018-12-04T21:02:41.0000000Z","value":2693616.75}
{"displayname":"RealEnergyImport (kWh)","hwid":"PowerMeter-0a:01:01:01:01:01","sourcetimestamp":"2018-12-04T21:02:45.0000000Z","value":2693616.75}
{"displayname":"RealEnergyImport (kWh)","hwid":"PowerMeter-0a:01:01:01:01:01","sourcetimestamp":"2018-12-04T21:02:49.0000000Z","value":2693617}
{"displayname":"RealEnergyImport (kWh)","hwid":"PowerMeter-0a:01:01:01:01:01","sourcetimestamp":"2018-12-04T21:02:53.0000000Z","value":2693617}
{"displayname":"RealEnergyImport (kWh)","hwid":"PowerMeter-0a:01:01:01:01:01","sourcetimestamp":"2018-12-04T21:02:58.0000000Z","value":2693617}
{"displayname":"RealEnergyImport (kWh)","hwid":"PowerMeter-0a:01:01:01:01:01","sourcetimestamp":"2018-12-04T21:03:02.0000000Z","value":2693617}
{"displayname":"RealEnergyImport (kWh)","hwid":"PowerMeter-0a:01:01:01:01:01","sourcetimestamp":"2018-12-04T21:03:06.0000000Z","value":2693617}
{"displayname":"RealEnergyImport (kWh)","hwid":"PowerMeter-0a:01:01:01:01:01","sourcetimestamp":"2018-12-04T21:03:11.0000000Z","value":2693617}
{"displayname":"RealEnergyImport (kWh)","hwid":"PowerMeter-0a:01:01:01:01:01","sourcetimestamp":"2018-12-04T21:03:16.0000000Z","value":2693617.25}
{"displayname":"RealEnergyImport (kWh)","hwid":"PowerMeter-0a:01:01:01:01:01","sourcetimestamp":"2018-12-04T21:03:20.0000000Z","value":2693617.25}
{"displayname":"RealEnergyImport (kWh)","hwid":"PowerMeter-0a:01:01:01:01:01","sourcetimestamp":"2018-12-04T21:03:24.0000000Z","value":2693617.25}
{"displayname":"RealEnergyImport (kWh)","hwid":"PowerMeter-0a:01:01:01:01:01","sourcetimestamp":"2018-12-04T21:03:28.0000000Z","value":2693617.25}
{"displayname":"RealEnergyImport (kWh)","hwid":"PowerMeter-0a:01:01:01:01:01","sourcetimestamp":"2018-12-04T21:03:32.0000000Z","value":2693617.25}
{"displayname":"RealEnergyImport (kWh)","hwid":"PowerMeter-0a:01:01:01:01:01","sourcetimestamp":"2018-12-04T21:03:36.0000000Z","value":2693617.5}
{"displayname":"RealEnergyImport (kWh)","hwid":"PowerMeter-0a:01:01:01:01:01","sourcetimestamp":"2018-12-04T21:03:40.0000000Z","value":2693617.5}
{"displayname":"RealEnergyImport (kWh)","hwid":"PowerMeter-0a:01:01:01:01:01","sourcetimestamp":"2018-12-04T21:03:45.0000000Z","value":2693617.5}
{"displayname":"RealEnergyImport (kWh)","hwid":"PowerMeter-0a:01:01:01:01:01","sourcetimestamp":"2018-12-04T21:03:50.0000000Z","value":2693617.5}
{"displayname":"RealEnergyImport (kWh)","hwid":"PowerMeter-0a:01:01:01:01:01","sourcetimestamp":"2018-12-04T21:03:54.0000000Z","value":2693617.5}
{"displayname":"RealEnergyImport (kWh)","hwid":"PowerMeter-0a:01:01:01:01:01","sourcetimestamp":"2018-12-04T21:03:58.0000000Z","value":2693617.75}
{"displayname":"RealEnergyImport (kWh)","hwid":"PowerMeter-0a:01:01:01:01:01","sourcetimestamp":"2018-12-04T21:04:02.0000000Z","value":2693617.75}
{"displayname":"RealEnergyImport (kWh)","hwid":"PowerMeter-0a:01:01:01:01:01","sourcetimestamp":"2018-12-04T21:04:06.0000000Z","value":2693617.75}
{"displayname":"RealEnergyImport (kWh)","hwid":"PowerMeter-0a:01:01:01:01:01","sourcetimestamp":"2018-12-04T21:04:10.0000000Z","value":2693617.75}
{"displayname":"RealEnergyImport (kWh)","hwid":"PowerMeter-0a:01:01:01:01:01","sourcetimestamp":"2018-12-04T21:04:15.0000000Z","value":2693617.75}
{"displayname":"RealEnergyImport (kWh)","hwid":"PowerMeter-0a:01:01:01:01:01","sourcetimestamp":"2018-12-04T21:04:19.0000000Z","value":2693618}
{"displayname":"RealEnergyImport (kWh)","hwid":"PowerMeter-0a:01:01:01:01:01","sourcetimestamp":"2018-12-04T21:04:23.0000000Z","value":2693618}
{"displayname":"RealEnergyImport (kWh)","hwid":"PowerMeter-0a:01:01:01:01:01","sourcetimestamp":"2018-12-04T21:04:28.0000000Z","value":2693618}
{"displayname":"RealEnergyImport (kWh)","hwid":"PowerMeter-0a:01:01:01:01:01","sourcetimestamp":"2018-12-04T21:04:32.0000000Z","value":2693618}
{"displayname":"RealEnergyImport (kWh)","hwid":"PowerMeter-0a:01:01:01:01:01","sourcetimestamp":"2018-12-04T21:04:36.0000000Z","value":2693618}
{"displayname":"RealEnergyImport (kWh)","hwid":"PowerMeter-0a:01:01:01:01:01","sourcetimestamp":"2018-12-04T21:04:41.0000000Z","value":2693618.25}
{"displayname":"RealEnergyImport (kWh)","hwid":"PowerMeter-0a:01:01:01:01:01","sourcetimestamp":"2018-12-04T21:04:45.0000000Z","value":2693618.25}
{"displayname":"RealEnergyImport (kWh)","hwid":"PowerMeter-0a:01:01:01:01:01","sourcetimestamp":"2018-12-04T21:04:49.0000000Z","value":2693618.25}
{"displayname":"RealEnergyImport (kWh)","hwid":"PowerMeter-0a:01:01:01:01:01","sourcetimestamp":"2018-12-04T21:04:53.0000000Z","value":2693618.25}
{"displayname":"RealEnergyImport (kWh)","hwid":"PowerMeter-0a:01:01:01:01:01","sourcetimestamp":"2018-12-04T21:04:57.0000000Z","value":2693618.25}
{"displayname":"RealEnergyImport (kWh)","hwid":"PowerMeter-0a:01:01:01:01:01","sourcetimestamp":"2018-12-04T21:05:01.0000000Z","value":2693618.5}
{"displayname":"RealEnergyImport (kWh)","hwid":"PowerMeter-0a:01:01:01:01:01","sourcetimestamp":"2018-12-04T21:05:05.0000000Z","value":2693618.5}
{"displayname":"RealEnergyImport (kWh)","hwid":"PowerMeter-0a:01:01:01:01:01","sourcetimestamp":"2018-12-04T21:05:09.0000000Z","value":2693618.5}
{"displayname":"RealEnergyImport (kWh)","hwid":"PowerMeter-0a:01:01:01:01:01","sourcetimestamp":"2018-12-04T21:05:13.0000000Z","value":2693618.5}
{"displayname":"RealEnergyImport (kWh)","hwid":"PowerMeter-0a:01:01:01:01:01","sourcetimestamp":"2018-12-04T21:05:17.0000000Z","value":2693618.5}
{"displayname":"RealEnergyImport (kWh)","hwid":"PowerMeter-0a:01:01:01:01:01","sourcetimestamp":"2018-12-04T21:05:21.0000000Z","value":2693618.5}
{"displayname":"RealEnergyImport (kWh)","hwid":"PowerMeter-0a:01:01:01:01:01","sourcetimestamp":"2018-12-04T21:05:25.0000000Z","value":2693618.75}
{"displayname":"RealEnergyImport (kWh)","hwid":"PowerMeter-0a:01:01:01:01:01","sourcetimestamp":"2018-12-04T21:05:30.0000000Z","value":2693618.75}
{"displayname":"RealEnergyImport (kWh)","hwid":"PowerMeter-0a:01:01:01:01:01","sourcetimestamp":"2018-12-04T21:05:34.0000000Z","value":2693618.75}
{"displayname":"RealEnergyImport (kWh)","hwid":"PowerMeter-0a:01:01:01:01:01","sourcetimestamp":"2018-12-04T21:05:38.0000000Z","value":2693618.75}
{"displayname":"RealEnergyImport (kWh)","hwid":"PowerMeter-0a:01:01:01:01:01","sourcetimestamp":"2018-12-04T21:05:42.0000000Z","value":2693618.75}
{"displayname":"RealEnergyImport (kWh)","hwid":"PowerMeter-0a:01:01:01:01:01","sourcetimestamp":"2018-12-04T21:05:46.0000000Z","value":2693619}
{"displayname":"RealEnergyImport (kWh)","hwid":"PowerMeter-0a:01:01:01:01:01","sourcetimestamp":"2018-12-04T21:05:50.0000000Z","value":2693619}
{"displayname":"RealEnergyImport (kWh)","hwid":"PowerMeter-0a:01:01:01:01:01","sourcetimestamp":"2018-12-04T21:05:54.0000000Z","value":2693619}
{"displayname":"RealEnergyImport (kWh)","hwid":"PowerMeter-0a:01:01:01:01:01","sourcetimestamp":"2018-12-04T21:05:58.0000000Z","value":2693619}
{"displayname":"RealEnergyImport (kWh)","hwid":"PowerMeter-0a:01:01:01:01:01","sourcetimestamp":"2018-12-04T21:06:02.0000000Z","value":2693619}
{"displayname":"RealEnergyImport (kWh)","hwid":"PowerMeter-0a:01:01:01:01:01","sourcetimestamp":"2018-12-04T21:06:06.0000000Z","value":2693619.25}
{"displayname":"RealEnergyImport (kWh)","hwid":"PowerMeter-0a:01:01:01:01:01","sourcetimestamp":"2018-12-04T21:06:10.0000000Z","value":2693619.25}
{"displayname":"RealEnergyImport (kWh)","hwid":"PowerMeter-0a:01:01:01:01:01","sourcetimestamp":"2018-12-04T21:06:14.0000000Z","value":2693619.25}
{"displayname":"RealEnergyImport (kWh)","hwid":"PowerMeter-0a:01:01:01:01:01","sourcetimestamp":"2018-12-04T21:06:18.0000000Z","value":2693619.25}
{"displayname":"RealEnergyImport (kWh)","hwid":"PowerMeter-0a:01:01:01:01:01","sourcetimestamp":"2018-12-04T21:06:22.0000000Z","value":2693619.25}
{"displayname":"RealEnergyImport (kWh)","hwid":"PowerMeter-0a:01:01:01:01:01","sourcetimestamp":"2018-12-04T21:06:27.0000000Z","value":2693619.25}
{"displayname":"RealEnergyImport (kWh)","hwid":"PowerMeter-0a:01:01:01:01:01","sourcetimestamp":"2018-12-04T21:06:31.0000000Z","value":2693619.5}
{"displayname":"RealEnergyImport (kWh)","hwid":"PowerMeter-0a:01:01:01:01:01","sourcetimestamp":"2018-12-04T21:06:35.0000000Z","value":2693619.5}
{"displayname":"RealEnergyImport (kWh)","hwid":"PowerMeter-0a:01:01:01:01:01","sourcetimestamp":"2018-12-04T21:06:39.0000000Z","value":2693619.5}
{"displayname":"RealEnergyImport (kWh)","hwid":"PowerMeter-0a:01:01:01:01:01","sourcetimestamp":"2018-12-04T21:06:43.0000000Z","value":2693619.5}
{"displayname":"RealEnergyImport (kWh)","hwid":"PowerMeter-0a:01:01:01:01:01","sourcetimestamp":"2018-12-04T21:06:47.0000000Z","value":2693619.5}
{"displayname":"RealEnergyImport (kWh)","hwid":"PowerMeter-0a:01:01:01:01:01","sourcetimestamp":"2018-12-04T21:06:51.0000000Z","value":2693619.75}
{"displayname":"RealEnergyImport (kWh)","hwid":"PowerMeter-0a:01:01:01:01:01","sourcetimestamp":"2018-12-04T21:06:55.0000000Z","value":2693619.75}
{"displayname":"RealEnergyImport (kWh)","hwid":"PowerMeter-0a:01:01:01:01:01","sourcetimestamp":"2018-12-04T21:07:01.0000000Z","value":2693619.75}
{"displayname":"RealEnergyImport (kWh)","hwid":"PowerMeter-0a:01:01:01:01:01","sourcetimestamp":"2018-12-04T21:07:05.0000000Z","value":2693619.75}
{"displayname":"RealEnergyImport (kWh)","hwid":"PowerMeter-0a:01:01:01:01:01","sourcetimestamp":"2018-12-04T21:07:09.0000000Z","value":2693619.75}
{"displayname":"RealEnergyImport (kWh)","hwid":"PowerMeter-0a:01:01:01:01:01","sourcetimestamp":"2018-12-04T21:07:13.0000000Z","value":2693620}
{"displayname":"RealEnergyImport (kWh)","hwid":"PowerMeter-0a:01:01:01:01:01","sourcetimestamp":"2018-12-04T21:07:18.0000000Z","value":2693620}
{"displayname":"RealEnergyImport (kWh)","hwid":"PowerMeter-0a:01:01:01:01:01","sourcetimestamp":"2018-12-04T21:07:23.0000000Z","value":2693620}
{"displayname":"RealEnergyImport (kWh)","hwid":"PowerMeter-0a:01:01:01:01:01","sourcetimestamp":"2018-12-04T21:07:27.0000000Z","value":2693620}
{"displayname":"RealEnergyImport (kWh)","hwid":"PowerMeter-0a:01:01:01:01:01","sourcetimestamp":"2018-12-04T21:07:31.0000000Z","value":2693620}
{"displayname":"RealEnergyImport (kWh)","hwid":"PowerMeter-0a:01:01:01:01:01","sourcetimestamp":"2018-12-04T21:07:36.0000000Z","value":2693620.25}
{"displayname":"RealEnergyImport (kWh)","hwid":"PowerMeter-0a:01:01:01:01:01","sourcetimestamp":"2018-12-04T21:07:40.0000000Z","value":2693620.25}
{"displayname":"RealEnergyImport (kWh)","hwid":"PowerMeter-0a:01:01:01:01:01","sourcetimestamp":"2018-12-04T21:07:44.0000000Z","value":2693620.25}
{"displayname":"RealEnergyImport (kWh)","hwid":"PowerMeter-0a:01:01:01:01:01","sourcetimestamp":"2018-12-04T21:07:48.0000000Z","value":2693620.25}
{"displayname":"RealEnergyImport (kWh)","hwid":"PowerMeter-0a:01:01:01:01:01","sourcetimestamp":"2018-12-04T21:07:52.0000000Z","value":2693620.25}
{"displayname":"RealEnergyImport (kWh)","hwid":"PowerMeter-0a:01:01:01:01:01","sourcetimestamp":"2018-12-04T21:07:57.0000000Z","value":2693620.25}
{"displayname":"RealEnergyImport (kWh)","hwid":"PowerMeter-0a:01:01:01:01:01","sourcetimestamp":"2018-12-04T21:08:01.0000000Z","value":2693620.5}
{"displayname":"RealEnergyImport (kWh)","hwid":"PowerMeter-0a:01:01:01:01:01","sourcetimestamp":"2018-12-04T21:08:05.0000000Z","value":2693620.5}
{"displayname":"RealEnergyImport (kWh)","hwid":"PowerMeter-0a:01:01:01:01:01","sourcetimestamp":"2018-12-04T21:08:09.0000000Z","value":2693620.5}
{"displayname":"RealEnergyImport (kWh)","hwid":"PowerMeter-0a:01:01:01:01:01","sourcetimestamp":"2018-12-04T21:08:13.0000000Z","value":2693620.5}
{"displayname":"RealEnergyImport (kWh)","hwid":"PowerMeter-0a:01:01:01:01:01","sourcetimestamp":"2018-12-04T21:08:17.0000000Z","value":2693620.5}
{"displayname":"RealEnergyImport (kWh)","hwid":"PowerMeter-0a:01:01:01:01:01","sourcetimestamp":"2018-12-04T21:08:22.0000000Z","value":2693620.75}
{"displayname":"RealEnergyImport (kWh)","hwid":"PowerMeter-0a:01:01:01:01:01","sourcetimestamp":"2018-12-04T21:08:26.0000000Z","value":2693620.75}
{"displayname":"RealEnergyImport (kWh)","hwid":"PowerMeter-0a:01:01:01:01:01","sourcetimestamp":"2018-12-04T21:08:30.0000000Z","value":2693620.75}
{"displayname":"RealEnergyImport (kWh)","hwid":"PowerMeter-0a:01:01:01:01:01","sourcetimestamp":"2018-12-04T21:08:34.0000000Z","value":2693620.75}
{"displayname":"RealEnergyImport (kWh)","hwid":"PowerMeter-0a:01:01:01:01:01","sourcetimestamp":"2018-12-04T21:08:38.0000000Z","value":2693620.75}
{"displayname":"RealEnergyImport (kWh)","hwid":"PowerMeter-0a:01:01:01:01:01","sourcetimestamp":"2018-12-04T21:08:42.0000000Z","value":2693621}
{"displayname":"RealEnergyImport (kWh)","hwid":"PowerMeter-0a:01:01:01:01:01","sourcetimestamp":"2018-12-04T21:08:46.0000000Z","value":2693621}
{"displayname":"RealEnergyImport (kWh)","hwid":"PowerMeter-0a:01:01:01:01:01","sourcetimestamp":"2018-12-04T21:08:51.0000000Z","value":2693621}
{"displayname":"RealEnergyImport (kWh)","hwid":"PowerMeter-0a:01:01:01:01:01","sourcetimestamp":"2018-12-04T21:08:55.0000000Z","value":2693621}
{"displayname":"RealEnergyImport (kWh)","hwid":"PowerMeter-0a:01:01:01:01:01","sourcetimestamp":"2018-12-04T21:08:59.0000000Z","value":2693621}
{"displayname":"RealEnergyImport (kWh)","hwid":"PowerMeter-0a:01:01:01:01:01","sourcetimestamp":"2018-12-04T21:09:03.0000000Z","value":2693621}
{"displayname":"RealEnergyImport (kWh)","hwid":"PowerMeter-0a:01:01:01:01:01","sourcetimestamp":"2018-12-04T21:09:07.0000000Z","value":2693621.5}
{"displayname":"RealEnergyImport (kWh)","hwid":"PowerMeter-0a:01:01:01:01:01","sourcetimestamp":"2018-12-04T21:09:11.0000000Z","value":2693621.5}
{"displayname":"RealEnergyImport (kWh)","hwid":"PowerMeter-0a:01:01:01:01:01","sourcetimestamp":"2018-12-04T21:09:15.0000000Z","value":2693621.5}
{"displayname":"RealEnergyImport (kWh)","hwid":"PowerMeter-0a:01:01:01:01:01","sourcetimestamp":"2018-12-04T21:09:21.0000000Z","value":2693621.5}
{"displayname":"RealEnergyImport (kWh)","hwid":"PowerMeter-0a:01:01:01:01:01","sourcetimestamp":"2018-12-04T21:09:25.0000000Z","value":2693621.5}
{"displayname":"RealEnergyImport (kWh)","hwid":"PowerMeter-0a:01:01:01:01:01","sourcetimestamp":"2018-12-04T21:09:29.0000000Z","value":2693621.75}
{"displayname":"RealEnergyImport (kWh)","hwid":"PowerMeter-0a:01:01:01:01:01","sourcetimestamp":"2018-12-04T21:09:33.0000000Z","value":2693621.75}
{"displayname":"RealEnergyImport (kWh)","hwid":"PowerMeter-0a:01:01:01:01:01","sourcetimestamp":"2018-12-04T21:09:37.0000000Z","value":2693621.75}
{"displayname":"RealEnergyImport (kWh)","hwid":"PowerMeter-0a:01:01:01:01:01","sourcetimestamp":"2018-12-04T21:09:41.0000000Z","value":2693621.75}
{"displayname":"RealEnergyImport (kWh)","hwid":"PowerMeter-0a:01:01:01:01:01","sourcetimestamp":"2018-12-04T21:09:45.0000000Z","value":2693621.75}
{"displayname":"RealEnergyImport (kWh)","hwid":"PowerMeter-0a:01:01:01:01:01","sourcetimestamp":"2018-12-04T21:09:49.0000000Z","value":2693622}
{"displayname":"RealEnergyImport (kWh)","hwid":"PowerMeter-0a:01:01:01:01:01","sourcetimestamp":"2018-12-04T21:09:55.0000000Z","value":2693622}
{"displayname":"RealEnergyImport (kWh)","hwid":"PowerMeter-0a:01:01:01:01:01","sourcetimestamp":"2018-12-04T21:09:59.0000000Z","value":2693622}
{"displayname":"RealEnergyImport (kWh)","hwid":"PowerMeter-0a:01:01:01:01:01","sourcetimestamp":"2018-12-04T21:10:03.0000000Z","value":2693622}
{"displayname":"RealEnergyImport (kWh)","hwid":"PowerMeter-0a:01:01:01:01:01","sourcetimestamp":"2018-12-04T21:10:07.0000000Z","value":2693622}
{"displayname":"RealEnergyImport (kWh)","hwid":"PowerMeter-0a:01:01:01:01:01","sourcetimestamp":"2018-12-04T21:10:11.0000000Z","value":2693622.25}
{"displayname":"RealEnergyImport (kWh)","hwid":"PowerMeter-0a:01:01:01:01:01","sourcetimestamp":"2018-12-04T21:10:15.0000000Z","value":2693622.25}
{"displayname":"RealEnergyImport (kWh)","hwid":"PowerMeter-0a:01:01:01:01:01","sourcetimestamp":"2018-12-04T21:10:20.0000000Z","value":2693622.25}
{"displayname":"RealEnergyImport (kWh)","hwid":"PowerMeter-0a:01:01:01:01:01","sourcetimestamp":"2018-12-04T21:10:24.0000000Z","value":2693622.25}
{"displayname":"RealEnergyImport (kWh)","hwid":"PowerMeter-0a:01:01:01:01:01","sourcetimestamp":"2018-12-04T21:10:28.0000000Z","value":2693622.25}
{"displayname":"RealEnergyImport (kWh)","hwid":"PowerMeter-0a:01:01:01:01:01","sourcetimestamp":"2018-12-04T21:10:32.0000000Z","value":2693622.25}
{"displayname":"RealEnergyImport (kWh)","hwid":"PowerMeter-0a:01:01:01:01:01","sourcetimestamp":"2018-12-04T21:10:36.0000000Z","value":2693622.5}
{"displayname":"RealEnergyImport (kWh)","hwid":"PowerMeter-0a:01:01:01:01:01","sourcetimestamp":"2018-12-04T21:10:40.0000000Z","value":2693622.5}
{"displayname":"RealEnergyImport (kWh)","hwid":"PowerMeter-0a:01:01:01:01:01","sourcetimestamp":"2018-12-04T21:10:44.0000000Z","value":2693622.5}
{"displayname":"RealEnergyImport (kWh)","hwid":"PowerMeter-0a:01:01:01:01:01","sourcetimestamp":"2018-12-04T21:10:49.0000000Z","value":2693622.5}
{"displayname":"RealEnergyImport (kWh)","hwid":"PowerMeter-0a:01:01:01:01:01","sourcetimestamp":"2018-12-04T21:10:53.0000000Z","value":2693622.5}
{"displayname":"RealEnergyImport (kWh)","hwid":"PowerMeter-0a:01:01:01:01:01","sourcetimestamp":"2018-12-04T21:10:57.0000000Z","value":2693622.75}
{"displayname":"RealEnergyImport (kWh)","hwid":"PowerMeter-0a:01:01:01:01:01","sourcetimestamp":"2018-12-04T21:11:01.0000000Z","value":2693622.75}
{"displayname":"RealEnergyImport (kWh)","hwid":"PowerMeter-0a:01:01:01:01:01","sourcetimestamp":"2018-12-04T21:11:05.0000000Z","value":2693622.75}
{"displayname":"RealEnergyImport (kWh)","hwid":"PowerMeter-0a:01:01:01:01:01","sourcetimestamp":"2018-12-04T21:11:09.0000000Z","value":2693622.75}
{"displayname":"RealEnergyImport (kWh)","hwid":"PowerMeter-0a:01:01:01:01:01","sourcetimestamp":"2018-12-04T21:11:13.0000000Z","value":2693622.75}
{"displayname":"RealEnergyImport (kWh)","hwid":"PowerMeter-0a:01:01:01:01:01","sourcetimestamp":"2018-12-04T21:11:17.0000000Z","value":2693622.75}
{"displayname":"RealEnergyImport (kWh)","hwid":"PowerMeter-0a:01:01:01:01:01","sourcetimestamp":"2018-12-04T21:11:21.0000000Z","value":2693623}
{"displayname":"RealEnergyImport (kWh)","hwid":"PowerMeter-0a:01:01:01:01:01","sourcetimestamp":"2018-12-04T21:11:25.0000000Z","value":2693623}
{"displayname":"RealEnergyImport (kWh)","hwid":"PowerMeter-0a:01:01:01:01:01","sourcetimestamp":"2018-12-04T21:11:29.0000000Z","value":2693623}
{"displayname":"RealEnergyImport (kWh)","hwid":"PowerMeter-0a:01:01:01:01:01","sourcetimestamp":"2018-12-04T21:11:33.0000000Z","value":2693623}
{"displayname":"RealEnergyImport (kWh)","hwid":"PowerMeter-0a:01:01:01:01:01","sourcetimestamp":"2018-12-04T21:11:37.0000000Z","value":2693623}
{"displayname":"RealEnergyImport (kWh)","hwid":"PowerMeter-0a:01:01:01:01:01","sourcetimestamp":"2018-12-04T21:11:41.0000000Z","value":2693623}
{"displayname":"RealEnergyImport (kWh)","hwid":"PowerMeter-0a:01:01:01:01:01","sourcetimestamp":"2018-12-04T21:11:45.0000000Z","value":2693623.25}
{"displayname":"RealEnergyImport (kWh)","hwid":"PowerMeter-0a:01:01:01:01:01","sourcetimestamp":"2018-12-04T21:11:50.0000000Z","value":2693623.25}
{"displayname":"RealEnergyImport (kWh)","hwid":"PowerMeter-0a:01:01:01:01:01","sourcetimestamp":"2018-12-04T21:11:54.0000000Z","value":2693623.25}
{"displayname":"RealEnergyImport (kWh)","hwid":"PowerMeter-0a:01:01:01:01:01","sourcetimestamp":"2018-12-04T21:11:58.0000000Z","value":2693623.25}
{"displayname":"RealEnergyImport (kWh)","hwid":"PowerMeter-0a:01:01:01:01:01","sourcetimestamp":"2018-12-04T21:12:02.0000000Z","value":2693623.25}
{"displayname":"RealEnergyImport (kWh)","hwid":"PowerMeter-0a:01:01:01:01:01","sourcetimestamp":"2018-12-04T21:12:06.0000000Z","value":2693623.5}
{"displayname":"RealEnergyImport (kWh)","hwid":"PowerMeter-0a:01:01:01:01:01","sourcetimestamp":"2018-12-04T21:12:10.0000000Z","value":2693623.5}
{"displayname":"RealEnergyImport (kWh)","hwid":"PowerMeter-0a:01:01:01:01:01","sourcetimestamp":"2018-12-04T21:12:14.0000000Z","value":2693623.5}
{"displayname":"RealEnergyImport (kWh)","hwid":"PowerMeter-0a:01:01:01:01:01","sourcetimestamp":"2018-12-04T21:12:18.0000000Z","value":2693623.5}
{"displayname":"RealEnergyImport (kWh)","hwid":"PowerMeter-0a:01:01:01:01:01","sourcetimestamp":"2018-12-04T21:12:22.0000000Z","value":2693623.5}
{"displayname":"RealEnergyImport (kWh)","hwid":"PowerMeter-0a:01:01:01:01:01","sourcetimestamp":"2018-12-04T21:12:26.0000000Z","value":2693623.5}
{"displayname":"RealEnergyImport (kWh)","hwid":"PowerMeter-0a:01:01:01:01:01","sourcetimestamp":"2018-12-04T21:12:30.0000000Z","value":2693623.75}
{"displayname":"RealEnergyImport (kWh)","hwid":"PowerMeter-0a:01:01:01:01:01","sourcetimestamp":"2018-12-04T21:12:34.0000000Z","value":2693623.75}
{"displayname":"RealEnergyImport (kWh)","hwid":"PowerMeter-0a:01:01:01:01:01","sourcetimestamp":"2018-12-04T21:12:38.0000000Z","value":2693623.75}
{"displayname":"RealEnergyImport (kWh)","hwid":"PowerMeter-0a:01:01:01:01:01","sourcetimestamp":"2018-12-04T21:12:42.0000000Z","value":2693623.75}
{"displayname":"RealEnergyImport (kWh)","hwid":"PowerMeter-0a:01:01:01:01:01","sourcetimestamp":"2018-12-04T21:12:46.0000000Z","value":2693623.75}
{"displayname":"RealEnergyImport (kWh)","hwid":"PowerMeter-0a:01:01:01:01:01","sourcetimestamp":"2018-12-04T21:12:50.0000000Z","value":2693624}
{"displayname":"RealEnergyImport (kWh)","hwid":"PowerMeter-0a:01:01:01:01:01","sourcetimestamp":"2018-12-04T21:12:54.0000000Z","value":2693624}
{"displayname":"RealEnergyImport (kWh)","hwid":"PowerMeter-0a:01:01:01:01:01","sourcetimestamp":"2018-12-04T21:12:59.0000000Z","value":2693624}
{"displayname":"RealEnergyImport (kWh)","hwid":"PowerMeter-0a:01:01:01:01:01","sourcetimestamp":"2018-12-04T21:13:03.0000000Z","value":2693624}
{"displayname":"RealEnergyImport (kWh)","hwid":"PowerMeter-0a:01:01:01:01:01","sourcetimestamp":"2018-12-04T21:13:07.0000000Z","value":2693624}
{"displayname":"RealEnergyImport (kWh)","hwid":"PowerMeter-0a:01:01:01:01:01","sourcetimestamp":"2018-12-04T21:13:11.0000000Z","value":2693624}
{"displayname":"RealEnergyImport (kWh)","hwid":"PowerMeter-0a:01:01:01:01:01","sourcetimestamp":"2018-12-04T21:13:15.0000000Z","value":2693624.25}
{"displayname":"RealEnergyImport (kWh)","hwid":"PowerMeter-0a:01:01:01:01:01","sourcetimestamp":"2018-12-04T21:13:19.0000000Z","value":2693624.25}
{"displayname":"RealEnergyImport (kWh)","hwid":"PowerMeter-0a:01:01:01:01:01","sourcetimestamp":"2018-12-04T21:13:23.0000000Z","value":2693624.25}
{"displayname":"RealEnergyImport (kWh)","hwid":"PowerMeter-0a:01:01:01:01:01","sourcetimestamp":"2018-12-04T21:13:27.0000000Z","value":2693624.25}
{"displayname":"RealEnergyImport (kWh)","hwid":"PowerMeter-0a:01:01:01:01:01","sourcetimestamp":"2018-12-04T21:13:31.0000000Z","value":2693624.25}
{"displayname":"RealEnergyImport (kWh)","hwid":"PowerMeter-0a:01:01:01:01:01","sourcetimestamp":"2018-12-04T21:13:35.0000000Z","value":2693624.25}
{"displayname":"RealEnergyImport (kWh)","hwid":"PowerMeter-0a:01:01:01:01:01","sourcetimestamp":"2018-12-04T21:13:39.0000000Z","value":2693624.5}
{"displayname":"RealEnergyImport (kWh)","hwid":"PowerMeter-0a:01:01:01:01:01","sourcetimestamp":"2018-12-04T21:13:43.0000000Z","value":2693624.5}
{"displayname":"RealEnergyImport (kWh)","hwid":"PowerMeter-0a:01:01:01:01:01","sourcetimestamp":"2018-12-04T21:13:47.0000000Z","value":2693624.5}
{"displayname":"RealEnergyImport (kWh)","hwid":"PowerMeter-0a:01:01:01:01:01","sourcetimestamp":"2018-12-04T21:13:51.0000000Z","value":2693624.5}
{"displayname":"RealEnergyImport (kWh)","hwid":"PowerMeter-0a:01:01:01:01:01","sourcetimestamp":"2018-12-04T21:13:56.0000000Z","value":2693624.5}
{"displayname":"RealEnergyImport (kWh)","hwid":"PowerMeter-0a:01:01:01:01:01","sourcetimestamp":"2018-12-04T21:14:00.0000000Z","value":2693624.75}
{"displayname":"RealEnergyImport (kWh)","hwid":"PowerMeter-0a:01:01:01:01:01","sourcetimestamp":"2018-12-04T21:14:04.0000000Z","value":2693624.75}
{"displayname":"RealEnergyImport (kWh)","hwid":"PowerMeter-0a:01:01:01:01:01","sourcetimestamp":"2018-12-04T21:14:08.0000000Z","value":2693624.75}
{"displayname":"RealEnergyImport (kWh)","hwid":"PowerMeter-0a:01:01:01:01:01","sourcetimestamp":"2018-12-04T21:14:12.0000000Z","value":2693624.75}
{"displayname":"RealEnergyImport (kWh)","hwid":"PowerMeter-0a:01:01:01:01:01","sourcetimestamp":"2018-12-04T21:14:16.0000000Z","value":2693624.75}
{"displayname":"RealEnergyImport (kWh)","hwid":"PowerMeter-0a:01:01:01:01:01","sourcetimestamp":"2018-12-04T21:14:20.0000000Z","value":2693624.75}
{"displayname":"RealEnergyImport (kWh)","hwid":"PowerMeter-0a:01:01:01:01:01","sourcetimestamp":"2018-12-04T21:14:24.0000000Z","value":2693625}
{"displayname":"RealEnergyImport (kWh)","hwid":"PowerMeter-0a:01:01:01:01:01","sourcetimestamp":"2018-12-04T21:14:28.0000000Z","value":2693625}
{"displayname":"RealEnergyImport (kWh)","hwid":"PowerMeter-0a:01:01:01:01:01","sourcetimestamp":"2018-12-04T21:14:32.0000000Z","value":2693625}
{"displayname":"RealEnergyImport (kWh)","hwid":"PowerMeter-0a:01:01:01:01:01","sourcetimestamp":"2018-12-04T21:14:36.0000000Z","value":2693625}
{"displayname":"RealEnergyImport (kWh)","hwid":"PowerMeter-0a:01:01:01:01:01","sourcetimestamp":"2018-12-04T21:14:40.0000000Z","value":2693625}
{"displayname":"RealEnergyImport (kWh)","hwid":"PowerMeter-0a:01:01:01:01:01","sourcetimestamp":"2018-12-04T21:14:44.0000000Z","value":2693625}
{"displayname":"RealEnergyImport (kWh)","hwid":"PowerMeter-0a:01:01:01:01:01","sourcetimestamp":"2018-12-04T21:14:49.0000000Z","value":2693625.25}
{"displayname":"RealEnergyImport (kWh)","hwid":"PowerMeter-0a:01:01:01:01:01","sourcetimestamp":"2018-12-04T21:14:53.0000000Z","value":2693625.25}
{"displayname":"RealEnergyImport (kWh)","hwid":"PowerMeter-0a:01:01:01:01:01","sourcetimestamp":"2018-12-04T21:14:57.0000000Z","value":2693625.25}
{"displayname":"RealEnergyImport (kWh)","hwid":"PowerMeter-0a:01:01:01:01:01","sourcetimestamp":"2018-12-04T21:15:01.0000000Z","value":2693625.25}
{"displayname":"RealEnergyImport (kWh)","hwid":"PowerMeter-0a:01:01:01:01:01","sourcetimestamp":"2018-12-04T21:15:05.0000000Z","value":2693625.25}
{"displayname":"RealEnergyImport (kWh)","hwid":"PowerMeter-0a:01:01:01:01:01","sourcetimestamp":"2018-12-04T21:15:09.0000000Z","value":2693625.5}
{"displayname":"RealEnergyImport (kWh)","hwid":"PowerMeter-0a:01:01:01:01:01","sourcetimestamp":"2018-12-04T21:15:13.0000000Z","value":2693625.5}
{"displayname":"RealEnergyImport (kWh)","hwid":"PowerMeter-0a:01:01:01:01:01","sourcetimestamp":"2018-12-04T21:15:17.0000000Z","value":2693625.5}
{"displayname":"RealEnergyImport (kWh)","hwid":"PowerMeter-0a:01:01:01:01:01","sourcetimestamp":"2018-12-04T21:15:21.0000000Z","value":2693625.5}
{"displayname":"RealEnergyImport (kWh)","hwid":"PowerMeter-0a:01:01:01:01:01","sourcetimestamp":"2018-12-04T21:15:25.0000000Z","value":2693625.5}
{"displayname":"RealEnergyImport (kWh)","hwid":"PowerMeter-0a:01:01:01:01:01","sourcetimestamp":"2018-12-04T21:15:29.0000000Z","value":2693625.5}
{"displayname":"RealEnergyImport (kWh)","hwid":"PowerMeter-0a:01:01:01:01:01","sourcetimestamp":"2018-12-04T21:15:33.0000000Z","value":2693625.75}
{"displayname":"RealEnergyImport (kWh)","hwid":"PowerMeter-0a:01:01:01:01:01","sourcetimestamp":"2018-12-04T21:15:39.0000000Z","value":2693625.75}
{"displayname":"RealEnergyImport (kWh)","hwid":"PowerMeter-0a:01:01:01:01:01","sourcetimestamp":"2018-12-04T21:15:43.0000000Z","value":2693625.75}
{"displayname":"RealEnergyImport (kWh)","hwid":"PowerMeter-0a:01:01:01:01:01","sourcetimestamp":"2018-12-04T21:15:47.0000000Z","value":2693625.75}
{"displayname":"RealEnergyImport (kWh)","hwid":"PowerMeter-0a:01:01:01:01:01","sourcetimestamp":"2018-12-04T21:15:51.0000000Z","value":2693625.75}
{"displayname":"RealEnergyImport (kWh)","hwid":"PowerMeter-0a:01:01:01:01:01","sourcetimestamp":"2018-12-04T21:15:55.0000000Z","value":2693626}
{"displayname":"RealEnergyImport (kWh)","hwid":"PowerMeter-0a:01:01:01:01:01","sourcetimestamp":"2018-12-04T21:16:00.0000000Z","value":2693626}
{"displayname":"RealEnergyImport (kWh)","hwid":"PowerMeter-0a:01:01:01:01:01","sourcetimestamp":"2018-12-04T21:16:04.0000000Z","value":2693626}
{"displayname":"RealEnergyImport (kWh)","hwid":"PowerMeter-0a:01:01:01:01:01","sourcetimestamp":"2018-12-04T21:16:09.0000000Z","value":2693626}
{"displayname":"RealEnergyImport (kWh)","hwid":"PowerMeter-0a:01:01:01:01:01","sourcetimestamp":"2018-12-04T21:16:13.0000000Z","value":2693626}
{"displayname":"RealEnergyImport (kWh)","hwid":"PowerMeter-0a:01:01:01:01:01","sourcetimestamp":"2018-12-04T21:16:17.0000000Z","value":2693626.25}
{"displayname":"RealEnergyImport (kWh)","hwid":"PowerMeter-0a:01:01:01:01:01","sourcetimestamp":"2018-12-04T21:16:21.0000000Z","value":2693626.25}
{"displayname":"RealEnergyImport (kWh)","hwid":"PowerMeter-0a:01:01:01:01:01","sourcetimestamp":"2018-12-04T21:16:26.0000000Z","value":2693626.25}
{"displayname":"RealEnergyImport (kWh)","hwid":"PowerMeter-0a:01:01:01:01:01","sourcetimestamp":"2018-12-04T21:16:30.0000000Z","value":2693626.25}
{"displayname":"RealEnergyImport (kWh)","hwid":"PowerMeter-0a:01:01:01:01:01","sourcetimestamp":"2018-12-04T21:16:34.0000000Z","value":2693626.25}
{"displayname":"RealEnergyImport (kWh)","hwid":"PowerMeter-0a:01:01:01:01:01","sourcetimestamp":"2018-12-04T21:16:38.0000000Z","value":2693626.25}
{"displayname":"RealEnergyImport (kWh)","hwid":"PowerMeter-0a:01:01:01:01:01","sourcetimestamp":"2018-12-04T21:16:42.0000000Z","value":2693626.5}
{"displayname":"RealEnergyImport (kWh)","hwid":"PowerMeter-0a:01:01:01:01:01","sourcetimestamp":"2018-12-04T21:16:46.0000000Z","value":2693626.5}
{"displayname":"RealEnergyImport (kWh)","hwid":"PowerMeter-0a:01:01:01:01:01","sourcetimestamp":"2018-12-04T21:16:50.0000000Z","value":2693626.5}
{"displayname":"RealEnergyImport (kWh)","hwid":"PowerMeter-0a:01:01:01:01:01","sourcetimestamp":"2018-12-04T21:16:54.0000000Z","value":2693626.5}
{"displayname":"RealEnergyImport (kWh)","hwid":"PowerMeter-0a:01:01:01:01:01","sourcetimestamp":"2018-12-04T21:16:58.0000000Z","value":2693626.5}
{"displayname":"RealEnergyImport (kWh)","hwid":"PowerMeter-0a:01:01:01:01:01","sourcetimestamp":"2018-12-04T21:17:02.0000000Z","value":2693626.5}
{"displayname":"RealEnergyImport (kWh)","hwid":"PowerMeter-0a:01:01:01:01:01","sourcetimestamp":"2018-12-04T21:17:07.0000000Z","value":2693626.75}
{"displayname":"RealEnergyImport (kWh)","hwid":"PowerMeter-0a:01:01:01:01:01","sourcetimestamp":"2018-12-04T21:17:12.0000000Z","value":2693626.75}
{"displayname":"RealEnergyImport (kWh)","hwid":"PowerMeter-0a:01:01:01:01:01","sourcetimestamp":"2018-12-04T21:17:16.0000000Z","value":2693626.75}
{"displayname":"RealEnergyImport (kWh)","hwid":"PowerMeter-0a:01:01:01:01:01","sourcetimestamp":"2018-12-04T21:17:20.0000000Z","value":2693626.75}
{"displayname":"RealEnergyImport (kWh)","hwid":"PowerMeter-0a:01:01:01:01:01","sourcetimestamp":"2018-12-04T21:17:24.0000000Z","value":2693626.75}
{"displayname":"RealEnergyImport (kWh)","hwid":"PowerMeter-0a:01:01:01:01:01","sourcetimestamp":"2018-12-04T21:17:28.0000000Z","value":2693627}
{"displayname":"RealEnergyImport (kWh)","hwid":"PowerMeter-0a:01:01:01:01:01","sourcetimestamp":"2018-12-04T21:17:32.0000000Z","value":2693627}
{"displayname":"RealEnergyImport (kWh)","hwid":"PowerMeter-0a:01:01:01:01:01","sourcetimestamp":"2018-12-04T21:17:36.0000000Z","value":2693627}
{"displayname":"RealEnergyImport (kWh)","hwid":"PowerMeter-0a:01:01:01:01:01","sourcetimestamp":"2018-12-04T21:17:40.0000000Z","value":2693627}
{"displayname":"RealEnergyImport (kWh)","hwid":"PowerMeter-0a:01:01:01:01:01","sourcetimestamp":"2018-12-04T21:17:44.0000000Z","value":2693627}
{"displayname":"RealEnergyImport (kWh)","hwid":"PowerMeter-0a:01:01:01:01:01","sourcetimestamp":"2018-12-04T21:17:48.0000000Z","value":2693627}
{"displayname":"RealEnergyImport (kWh)","hwid":"PowerMeter-0a:01:01:01:01:01","sourcetimestamp":"2018-12-04T21:17:53.0000000Z","value":2693627.25}
{"displayname":"RealEnergyImport (kWh)","hwid":"PowerMeter-0a:01:01:01:01:01","sourcetimestamp":"2018-12-04T21:17:57.0000000Z","value":2693627.25}
{"displayname":"RealEnergyImport (kWh)","hwid":"PowerMeter-0a:01:01:01:01:01","sourcetimestamp":"2018-12-04T21:18:01.0000000Z","value":2693627.25}
{"displayname":"RealEnergyImport (kWh)","hwid":"PowerMeter-0a:01:01:01:01:01","sourcetimestamp":"2018-12-04T21:18:05.0000000Z","value":2693627.25}
{"displayname":"RealEnergyImport (kWh)","hwid":"PowerMeter-0a:01:01:01:01:01","sourcetimestamp":"2018-12-04T21:18:10.0000000Z","value":2693627.25}
{"displayname":"RealEnergyImport (kWh)","hwid":"PowerMeter-0a:01:01:01:01:01","sourcetimestamp":"2018-12-04T21:18:14.0000000Z","value":2693627.5}
{"displayname":"RealEnergyImport (kWh)","hwid":"PowerMeter-0a:01:01:01:01:01","sourcetimestamp":"2018-12-04T21:18:19.0000000Z","value":2693627.5}
{"displayname":"RealEnergyImport (kWh)","hwid":"PowerMeter-0a:01:01:01:01:01","sourcetimestamp":"2018-12-04T21:18:23.0000000Z","value":2693627.5}
{"displayname":"RealEnergyImport (kWh)","hwid":"PowerMeter-0a:01:01:01:01:01","sourcetimestamp":"2018-12-04T21:18:27.0000000Z","value":2693627.5}
{"displayname":"RealEnergyImport (kWh)","hwid":"PowerMeter-0a:01:01:01:01:01","sourcetimestamp":"2018-12-04T21:18:31.0000000Z","value":2693627.5}
{"displayname":"RealEnergyImport (kWh)","hwid":"PowerMeter-0a:01:01:01:01:01","sourcetimestamp":"2018-12-04T21:18:35.0000000Z","value":2693627.5}
{"displayname":"RealEnergyImport (kWh)","hwid":"PowerMeter-0a:01:01:01:01:01","sourcetimestamp":"2018-12-04T21:18:39.0000000Z","value":2693627.75}
{"displayname":"RealEnergyImport (kWh)","hwid":"PowerMeter-0a:01:01:01:01:01","sourcetimestamp":"2018-12-04T21:18:43.0000000Z","value":2693627.75}
{"displayname":"RealEnergyImport (kWh)","hwid":"PowerMeter-0a:01:01:01:01:01","sourcetimestamp":"2018-12-04T21:18:47.0000000Z","value":2693627.75}
{"displayname":"RealEnergyImport (kWh)","hwid":"PowerMeter-0a:01:01:01:01:01","sourcetimestamp":"2018-12-04T21:18:51.0000000Z","value":2693627.75}
{"displayname":"RealEnergyImport (kWh)","hwid":"PowerMeter-0a:01:01:01:01:01","sourcetimestamp":"2018-12-04T21:18:55.0000000Z","value":2693627.75}
{"displayname":"RealEnergyImport (kWh)","hwid":"PowerMeter-0a:01:01:01:01:01","sourcetimestamp":"2018-12-04T21:18:59.0000000Z","value":2693627.75}
{"displayname":"RealEnergyImport (kWh)","hwid":"PowerMeter-0a:01:01:01:01:01","sourcetimestamp":"2018-12-04T21:19:03.0000000Z","value":2693628}
{"displayname":"RealEnergyImport (kWh)","hwid":"PowerMeter-0a:01:01:01:01:01","sourcetimestamp":"2018-12-04T21:19:07.0000000Z","value":2693628}
{"displayname":"RealEnergyImport (kWh)","hwid":"PowerMeter-0a:01:01:01:01:01","sourcetimestamp":"2018-12-04T21:19:12.0000000Z","value":2693628}
{"displayname":"RealEnergyImport (kWh)","hwid":"PowerMeter-0a:01:01:01:01:01","sourcetimestamp":"2018-12-04T21:19:16.0000000Z","value":2693628}
{"displayname":"RealEnergyImport (kWh)","hwid":"PowerMeter-0a:01:01:01:01:01","sourcetimestamp":"2018-12-04T21:19:20.0000000Z","value":2693628}
{"displayname":"RealEnergyImport (kWh)","hwid":"PowerMeter-0a:01:01:01:01:01","sourcetimestamp":"2018-12-04T21:19:24.0000000Z","value":2693628}
{"displayname":"RealEnergyImport (kWh)","hwid":"PowerMeter-0a:01:01:01:01:01","sourcetimestamp":"2018-12-04T21:19:28.0000000Z","value":2693628.25}
{"displayname":"RealEnergyImport (kWh)","hwid":"PowerMeter-0a:01:01:01:01:01","sourcetimestamp":"2018-12-04T21:19:32.0000000Z","value":2693628.25}
{"displayname":"RealEnergyImport (kWh)","hwid":"PowerMeter-0a:01:01:01:01:01","sourcetimestamp":"2018-12-04T21:19:36.0000000Z","value":2693628.25}
{"displayname":"RealEnergyImport (kWh)","hwid":"PowerMeter-0a:01:01:01:01:01","sourcetimestamp":"2018-12-04T21:19:40.0000000Z","value":2693628.25}
{"displayname":"RealEnergyImport (kWh)","hwid":"PowerMeter-0a:01:01:01:01:01","sourcetimestamp":"2018-12-04T21:19:44.0000000Z","value":2693628.25}
{"displayname":"RealEnergyImport (kWh)","hwid":"PowerMeter-0a:01:01:01:01:01","sourcetimestamp":"2018-12-04T21:19:48.0000000Z","value":2693628.25}
{"displayname":"RealEnergyImport (kWh)","hwid":"PowerMeter-0a:01:01:01:01:01","sourcetimestamp":"2018-12-04T21:19:52.0000000Z","value":2693628.5}
{"displayname":"RealEnergyImport (kWh)","hwid":"PowerMeter-0a:01:01:01:01:01","sourcetimestamp":"2018-12-04T21:19:56.0000000Z","value":2693628.5}
{"displayname":"RealEnergyImport (kWh)","hwid":"PowerMeter-0a:01:01:01:01:01","sourcetimestamp":"2018-12-04T21:20:00.0000000Z","value":2693628.5}
{"displayname":"RealEnergyImport (kWh)","hwid":"PowerMeter-0a:01:01:01:01:01","sourcetimestamp":"2018-12-04T21:20:04.0000000Z","value":2693628.5}
{"displayname":"RealEnergyImport (kWh)","hwid":"PowerMeter-0a:01:01:01:01:01","sourcetimestamp":"2018-12-04T21:20:09.0000000Z","value":2693628.5}
{"displayname":"RealEnergyImport (kWh)","hwid":"PowerMeter-0a:01:01:01:01:01","sourcetimestamp":"2018-12-04T21:20:13.0000000Z","value":2693628.75}
{"displayname":"RealEnergyImport (kWh)","hwid":"PowerMeter-0a:01:01:01:01:01","sourcetimestamp":"2018-12-04T21:20:17.0000000Z","value":2693628.75}
{"displayname":"RealEnergyImport (kWh)","hwid":"PowerMeter-0a:01:01:01:01:01","sourcetimestamp":"2018-12-04T21:20:21.0000000Z","value":2693628.75}
{"displayname":"RealEnergyImport (kWh)","hwid":"PowerMeter-0a:01:01:01:01:01","sourcetimestamp":"2018-12-04T21:20:25.0000000Z","value":2693628.75}
{"displayname":"RealEnergyImport (kWh)","hwid":"PowerMeter-0a:01:01:01:01:01","sourcetimestamp":"2018-12-04T21:20:29.0000000Z","value":2693628.75}
{"displayname":"RealEnergyImport (kWh)","hwid":"PowerMeter-0a:01:01:01:01:01","sourcetimestamp":"2018-12-04T21:20:33.0000000Z","value":2693628.75}
{"displayname":"RealEnergyImport (kWh)","hwid":"PowerMeter-0a:01:01:01:01:01","sourcetimestamp":"2018-12-04T21:20:37.0000000Z","value":2693629}
{"displayname":"RealEnergyImport (kWh)","hwid":"PowerMeter-0a:01:01:01:01:01","sourcetimestamp":"2018-12-04T21:20:41.0000000Z","value":2693629}
{"displayname":"RealEnergyImport (kWh)","hwid":"PowerMeter-0a:01:01:01:01:01","sourcetimestamp":"2018-12-04T21:20:45.0000000Z","value":2693629}
{"displayname":"RealEnergyImport (kWh)","hwid":"PowerMeter-0a:01:01:01:01:01","sourcetimestamp":"2018-12-04T21:20:49.0000000Z","value":2693629}
{"displayname":"RealEnergyImport (kWh)","hwid":"PowerMeter-0a:01:01:01:01:01","sourcetimestamp":"2018-12-04T21:20:53.0000000Z","value":2693629}
{"displayname":"RealEnergyImport (kWh)","hwid":"PowerMeter-0a:01:01:01:01:01","sourcetimestamp":"2018-12-04T21:20:57.0000000Z","value":2693629}
{"displayname":"RealEnergyImport (kWh)","hwid":"PowerMeter-0a:01:01:01:01:01","sourcetimestamp":"2018-12-04T21:21:02.0000000Z","value":2693629.25}
{"displayname":"RealEnergyImport (kWh)","hwid":"PowerMeter-0a:01:01:01:01:01","sourcetimestamp":"2018-12-04T21:21:06.0000000Z","value":2693629.25}
{"displayname":"RealEnergyImport (kWh)","hwid":"PowerMeter-0a:01:01:01:01:01","sourcetimestamp":"2018-12-04T21:21:10.0000000Z","value":2693629.25}
{"displayname":"RealEnergyImport (kWh)","hwid":"PowerMeter-0a:01:01:01:01:01","sourcetimestamp":"2018-12-04T21:21:14.0000000Z","value":2693629.25}
{"displayname":"RealEnergyImport (kWh)","hwid":"PowerMeter-0a:01:01:01:01:01","sourcetimestamp":"2018-12-04T21:21:18.0000000Z","value":2693629.25}
{"displayname":"RealEnergyImport (kWh)","hwid":"PowerMeter-0a:01:01:01:01:01","sourcetimestamp":"2018-12-04T21:21:22.0000000Z","value":2693629.25}
{"displayname":"RealEnergyImport (kWh)","hwid":"PowerMeter-0a:01:01:01:01:01","sourcetimestamp":"2018-12-04T21:21:26.0000000Z","value":2693629.5}
{"displayname":"RealEnergyImport (kWh)","hwid":"PowerMeter-0a:01:01:01:01:01","sourcetimestamp":"2018-12-04T21:21:30.0000000Z","value":2693629.5}
{"displayname":"RealEnergyImport (kWh)","hwid":"PowerMeter-0a:01:01:01:01:01","sourcetimestamp":"2018-12-04T21:21:35.0000000Z","value":2693629.5}
{"displayname":"RealEnergyImport (kWh)","hwid":"PowerMeter-0a:01:01:01:01:01","sourcetimestamp":"2018-12-04T21:21:39.0000000Z","value":2693629.5}
{"displayname":"RealEnergyImport (kWh)","hwid":"PowerMeter-0a:01:01:01:01:01","sourcetimestamp":"2018-12-04T21:21:43.0000000Z","value":2693629.5}
{"displayname":"RealEnergyImport (kWh)","hwid":"PowerMeter-0a:01:01:01:01:01","sourcetimestamp":"2018-12-04T21:21:47.0000000Z","value":2693629.5}
{"displayname":"RealEnergyImport (kWh)","hwid":"PowerMeter-0a:01:01:01:01:01","sourcetimestamp":"2018-12-04T21:21:51.0000000Z","value":2693629.75}