{"displayname":"RealEnergyImport (kWh)","hwid":"PowerMeter-0a:01:01:01:01:01","sourcetimestamp":"2018-12-04T23:00:02.0000000Z","value":2693670}
{"displayname":"RealEnergyImport (kWh)","hwid":"PowerMeter-0a:01:01:01:01:01","sourcetimestamp":"2018-12-04T23:00:06.0000000Z","value":2693670.25}
{"displayname":"RealEnergyImport (kWh)","hwid":"PowerMeter-0a:01:01:01:01:01","sourcetimestamp":"2018-12-04T23:00:10.0000000Z","value":2693670.25}
{"displayname":"RealEnergyImport (kWh)","hwid":"PowerMeter-0a:01:01:01:01:01","sourcetimestamp":"2018-12-04T23:00:14.0000000Z","value":2693670.25}
{"displayname":"RealEnergyImport (kWh)","hwid":"PowerMeter-0a:01:01:01:01:01","sourcetimestamp":"2018-12-04T23:00:18.0000000Z","value":2693670.25}
{"displayname":"RealEnergyImport (kWh)","hwid":"PowerMeter-0a:01:01:01:01:01","sourcetimestamp":"2018-12-04T23:00:22.0000000Z","value":2693670.25}
{"displayname":"RealEnergyImport (kWh)","hwid":"PowerMeter-0a:01:01:01:01:01","sourcetimestamp":"2018-12-04T23:00:26.0000000Z","value":2693670.25}
{"displayname":"RealEnergyImport (kWh)","hwid":"PowerMeter-0a:01:01:01:01:01","sourcetimestamp":"2018-12-04T23:00:31.0000000Z","value":2693670.25}
{"displayname":"RealEnergyImport (kWh)","hwid":"PowerMeter-0a:01:01:01:01:01","sourcetimestamp":"2018-12-04T23:00:35.0000000Z","value":2693670.25}
{"displayname":"RealEnergyImport (kWh)","hwid":"PowerMeter-0a:01:01:01:01:01","sourcetimestamp":"2018-12-04T23:00:39.0000000Z","value":2693670.25}
{"displayname":"RealEnergyImport (kWh)","hwid":"PowerMeter-0a:01:01:01:01:01","sourcetimestamp":"2018-12-04T23:00:44.0000000Z","value":2693670.25}
{"displayname":"RealEnergyImport (kWh)","hwid":"PowerMeter-0a:01:01:01:01:01","sourcetimestamp":"2018-12-04T23:00:48.0000000Z","value":2693670.25}
{"displayname":"RealEnergyImport (kWh)","hwid":"PowerMeter-0a:01:01:01:01:01","sourcetimestamp":"2018-12-04T23:00:52.0000000Z","value":2693670.25}
{"displayname":"RealEnergyImport (kWh)","hwid":"PowerMeter-0a:01:01:01:01:01","sourcetimestamp":"2018-12-04T23:00:56.0000000Z","value":2693670.25}
{"displayname":"RealEnergyImport (kWh)","hwid":"PowerMeter-0a:01:01:01:01:01","sourcetimestamp":"2018-12-04T23:01:00.0000000Z","value":2693670.25}
{"displayname":"RealEnergyImport (kWh)","hwid":"PowerMeter-0a:01:01:01:01:01","sourcetimestamp":"2018-12-04T23:01:04.0000000Z","value":2693670.25}
{"displayname":"RealEnergyImport (kWh)","hwid":"PowerMeter-0a:01:01:01:01:01","sourcetimestamp":"2018-12-04T23:01:08.0000000Z","value":2693670.25}
{"displayname":"RealEnergyImport (kWh)","hwid":"PowerMeter-0a:01:01:01:01:01","sourcetimestamp":"2018-12-04T23:01:12.0000000Z","value":2693670.25}
{"displayname":"RealEnergyImport (kWh)","hwid":"PowerMeter-0a:01:01:01:01:01","sourcetimestamp":"2018-12-04T23:01:16.0000000Z","value":2693670.25}
{"displayname":"RealEnergyImport (kWh)","hwid":"PowerMeter-0a:01:01:01:01:01","sourcetimestamp":"2018-12-04T23:01:20.0000000Z","value":2693670.25}
{"displayname":"RealEnergyImport (kWh)","hwid":"PowerMeter-0a:01:01:01:01:01","sourcetimestamp":"2018-12-04T23:01:25.0000000Z","value":2693670.25}
{"displayname":"RealEnergyImport (kWh)","hwid":"PowerMeter-0a:01:01:01:01:01","sourcetimestamp":"2018-12-04T23:01:29.0000000Z","value":2693670.25}
{"displayname":"RealEnergyImport (kWh)","hwid":"PowerMeter-0a:01:01:01:01:01","sourcetimestamp":"2018-12-04T23:01:33.0000000Z","value":2693670.25}
{"displayname":"RealEnergyImport (kWh)","hwid":"PowerMeter-0a:01:01:01:01:01","sourcetimestamp":"2018-12-04T23:01:37.0000000Z","value":2693670.25}
{"displayname":"RealEnergyImport (kWh)","hwid":"PowerMeter-0a:01:01:01:01:01","sourcetimestamp":"2018-12-04T23:01:41.0000000Z","value":2693670.25}
{"displayname":"RealEnergyImport (kWh)","hwid":"PowerMeter-0a:01:01:01:01:01","sourcetimestamp":"2018-12-04T23:01:45.0000000Z","value":2693670.5}
{"displayname":"RealEnergyImport (kWh)","hwid":"PowerMeter-0a:01:01:01:01:01","sourcetimestamp":"2018-12-04T23:01:49.0000000Z","value":2693670.5}
{"displayname":"RealEnergyImport (kWh)","hwid":"PowerMeter-0a:01:01:01:01:01","sourcetimestamp":"2018-12-04T23:01:53.0000000Z","value":2693670.5}
{"displayname":"RealEnergyImport (kWh)","hwid":"PowerMeter-0a:01:01:01:01:01","sourcetimestamp":"2018-12-04T23:01:57.0000000Z","value":2693670.5}
{"displayname":"RealEnergyImport (kWh)","hwid":"PowerMeter-0a:01:01:01:01:01","sourcetimestamp":"2018-12-04T23:02:01.0000000Z","value":2693670.5}
{"displayname":"RealEnergyImport (kWh)","hwid":"PowerMeter-0a:01:01:01:01:01","sourcetimestamp":"2018-12-04T23:02:05.0000000Z","value":2693670.5}
{"displayname":"RealEnergyImport (kWh)","hwid":"PowerMeter-0a:01:01:01:01:01","sourcetimestamp":"2018-12-04T23:02:09.0000000Z","value":2693670.5}
{"displayname":"RealEnergyImport (kWh)","hwid":"PowerMeter-0a:01:01:01:01:01","sourcetimestamp":"2018-12-04T23:02:13.0000000Z","value":2693670.5}
{"displayname":"RealEnergyImport (kWh)","hwid":"PowerMeter-0a:01:01:01:01:01","sourcetimestamp":"2018-12-04T23:02:17.0000000Z","value":2693670.5}
{"displayname":"RealEnergyImport (kWh)","hwid":"PowerMeter-0a:01:01:01:01:01","sourcetimestamp":"2018-12-04T23:02:22.0000000Z","value":2693670.5}
{"displayname":"RealEnergyImport (kWh)","hwid":"PowerMeter-0a:01:01:01:01:01","sourcetimestamp":"2018-12-04T23:02:26.0000000Z","value":2693670.5}
{"displayname":"RealEnergyImport (kWh)","hwid":"PowerMeter-0a:01:01:01:01:01","sourcetimestamp":"2018-12-04T23:02:30.0000000Z","value":2693670.5}
{"displayname":"RealEnergyImport (kWh)","hwid":"PowerMeter-0a:01:01:01:01:01","sourcetimestamp":"2018-12-04T23:02:34.0000000Z","value":2693670.5}
{"displayname":"RealEnergyImport (kWh)","hwid":"PowerMeter-0a:01:01:01:01:01","sourcetimestamp":"2018-12-04T23:02:39.0000000Z","value":2693670.5}
{"displayname":"RealEnergyImport (kWh)","hwid":"PowerMeter-0a:01:01:01:01:01","sourcetimestamp":"2018-12-04T23:02:43.0000000Z","value":2693670.5}
{"displayname":"RealEnergyImport (kWh)","hwid":"PowerMeter-0a:01:01:01:01:01","sourcetimestamp":"2018-12-04T23:02:47.0000000Z","value":2693670.5}
{"displayname":"RealEnergyImport (kWh)","hwid":"PowerMeter-0a:01:01:01:01:01","sourcetimestamp":"2018-12-04T23:02:51.0000000Z","value":2693670.5}
{"displayname":"RealEnergyImport (kWh)","hwid":"PowerMeter-0a:01:01:01:01:01","sourcetimestamp":"2018-12-04T23:02:55.0000000Z","value":2693670.5}
{"displayname":"RealEnergyImport (kWh)","hwid":"PowerMeter-0a:01:01:01:01:01","sourcetimestamp":"2018-12-04T23:02:59.0000000Z","value":2693670.5}
{"displayname":"RealEnergyImport (kWh)","hwid":"PowerMeter-0a:01:01:01:01:01","sourcetimestamp":"2018-12-04T23:03:03.0000000Z","value":2693670.5}
{"displayname":"RealEnergyImport (kWh)","hwid":"PowerMeter-0a:01:01:01:01:01","sourcetimestamp":"2018-12-04T23:03:07.0000000Z","value":2693670.5}
{"displayname":"RealEnergyImport (kWh)","hwid":"PowerMeter-0a:01:01:01:01:01","sourcetimestamp":"2018-12-04T23:03:11.0000000Z","value":2693670.5}
{"displayname":"RealEnergyImport (kWh)","hwid":"PowerMeter-0a:01:01:01:01:01","sourcetimestamp":"2018-12-04T23:03:15.0000000Z","value":2693670.5}
{"displayname":"RealEnergyImport (kWh)","hwid":"PowerMeter-0a:01:01:01:01:01","sourcetimestamp":"2018-12-04T23:03:19.0000000Z","value":2693670.5}
{"displayname":"RealEnergyImport (kWh)","hwid":"PowerMeter-0a:01:01:01:01:01","sourcetimestamp":"2018-12-04T23:03:24.0000000Z","value":2693670.5}
{"displayname":"RealEnergyImport (kWh)","hwid":"PowerMeter-0a:01:01:01:01:01","sourcetimestamp":"2018-12-04T23:03:28.0000000Z","value":2693670.5}
{"displayname":"RealEnergyImport (kWh)","hwid":"PowerMeter-0a:01:01:01:01:01","sourcetimestamp":"2018-12-04T23:03:32.0000000Z","value":2693670.75}
{"displayname":"RealEnergyImport (kWh)","hwid":"PowerMeter-0a:01:01:01:01:01","sourcetimestamp":"2018-12-04T23:03:36.0000000Z","value":2693670.75}
{"displayname":"RealEnergyImport (kWh)","hwid":"PowerMeter-0a:01:01:01:01:01","sourcetimestamp":"2018-12-04T23:03:40.0000000Z","value":2693670.75}
{"displayname":"RealEnergyImport (kWh)","hwid":"PowerMeter-0a:01:01:01:01:01","sourcetimestamp":"2018-12-04T23:03:44.0000000Z","value":2693670.75}
{"displayname":"RealEnergyImport (kWh)","hwid":"PowerMeter-0a:01:01:01:01:01","sourcetimestamp":"2018-12-04T23:03:48.0000000Z","value":2693670.75}
{"displayname":"RealEnergyImport (kWh)","hwid":"PowerMeter-0a:01:01:01:01:01","sourcetimestamp":"2018-12-04T23:03:52.0000000Z","value":2693670.75}
{"displayname":"RealEnergyImport (kWh)","hwid":"PowerMeter-0a:01:01:01:01:01","sourcetimestamp":"2018-12-04T23:03:56.0000000Z","value":2693670.75}
{"displayname":"RealEnergyImport (kWh)","hwid":"PowerMeter-0a:01:01:01:01:01","sourcetimestamp":"2018-12-04T23:04:00.0000000Z","value":2693670.75}
{"displayname":"RealEnergyImport (kWh)","hwid":"PowerMeter-0a:01:01:01:01:01","sourcetimestamp":"2018-12-04T23:04:04.0000000Z","value":2693670.75}
{"displayname":"RealEnergyImport (kWh)","hwid":"PowerMeter-0a:01:01:01:01:01","sourcetimestamp":"2018-12-04T23:04:08.0000000Z","value":2693670.75}
{"displayname":"RealEnergyImport (kWh)","hwid":"PowerMeter-0a:01:01:01:01:01","sourcetimestamp":"2018-12-04T23:04:12.0000000Z","value":2693670.75}
{"displayname":"RealEnergyImport (kWh)","hwid":"PowerMeter-0a:01:01:01:01:01","sourcetimestamp":"2018-12-04T23:04:16.0000000Z","value":2693670.75}
{"displayname":"RealEnergyImport (kWh)","hwid":"PowerMeter-0a:01:01:01:01:01","sourcetimestamp":"2018-12-04T23:04:21.0000000Z","value":2693670.75}
{"displayname":"RealEnergyImport (kWh)","hwid":"PowerMeter-0a:01:01:01:01:01","sourcetimestamp":"2018-12-04T23:04:25.0000000Z","value":2693670.75}
{"displayname":"RealEnergyImport (kWh)","hwid":"PowerMeter-0a:01:01:01:01:01","sourcetimestamp":"2018-12-04T23:04:29.0000000Z","value":2693670.75}
{"displayname":"RealEnergyImport (kWh)","hwid":"PowerMeter-0a:01:01:01:01:01","sourcetimestamp":"2018-12-04T23:04:33.0000000Z","value":2693670.75}
{"displayname":"RealEnergyImport (kWh)","hwid":"PowerMeter-0a:01:01:01:01:01","sourcetimestamp":"2018-12-04T23:04:37.0000000Z","value":2693670.75}
{"displayname":"RealEnergyImport (kWh)","hwid":"PowerMeter-0a:01:01:01:01:01","sourcetimestamp":"2018-12-04T23:04:41.0000000Z","value":2693670.75}
{"displayname":"RealEnergyImport (kWh)","hwid":"PowerMeter-0a:01:01:01:01:01","sourcetimestamp":"2018-12-04T23:04:45.0000000Z","value":2693670.75}
{"displayname":"RealEnergyImport (kWh)","hwid":"PowerMeter-0a:01:01:01:01:01","sourcetimestamp":"2018-12-04T23:04:49.0000000Z","value":2693670.75}
{"displayname":"RealEnergyImport (kWh)","hwid":"PowerMeter-0a:01:01:01:01:01","sourcetimestamp":"2018-12-04T23:04:53.0000000Z","value":2693670.75}
{"displayname":"RealEnergyImport (kWh)","hwid":"PowerMeter-0a:01:01:01:01:01","sourcetimestamp":"2018-12-04T23:04:57.0000000Z","value":2693670.75}
{"displayname":"RealEnergyImport (kWh)","hwid":"PowerMeter-0a:01:01:01:01:01","sourcetimestamp":"2018-12-04T23:05:01.0000000Z","value":2693670.75}
{"displayname":"RealEnergyImport (kWh)","hwid":"PowerMeter-0a:01:01:01:01:01","sourcetimestamp":"2018-12-04T23:05:05.0000000Z","value":2693670.75}
{"displayname":"RealEnergyImport (kWh)","hwid":"PowerMeter-0a:01:01:01:01:01","sourcetimestamp":"2018-12-04T23:05:09.0000000Z","value":2693670.75}
{"displayname":"RealEnergyImport (kWh)","hwid":"PowerMeter-0a:01:01:01:01:01","sourcetimestamp":"2018-12-04T23:05:13.0000000Z","value":2693670.75}
{"displayname":"RealEnergyImport (kWh)","hwid":"PowerMeter-0a:01:01:01:01:01","sourcetimestamp":"2018-12-04T23:05:18.0000000Z","value":2693670.75}
{"displayname":"RealEnergyImport (kWh)","hwid":"PowerMeter-0a:01:01:01:01:01","sourcetimestamp":"2018-12-04T23:05:22.0000000Z","value":2693671}
{"displayname":"RealEnergyImport (kWh)","hwid":"PowerMeter-0a:01:01:01:01:01","sourcetimestamp":"2018-12-04T23:05:26.0000000Z","value":2693671}
{"displayname":"RealEnergyImport (kWh)","hwid":"PowerMeter-0a:01:01:01:01:01","sourcetimestamp":"2018-12-04T23:05:30.0000000Z","value":2693671}
{"displayname":"RealEnergyImport (kWh)","hwid":"PowerMeter-0a:01:01:01:01:01","sourcetimestamp":"2018-12-04T23:05:34.0000000Z","value":2693671}
{"displayname":"RealEnergyImport (kWh)","hwid":"PowerMeter-0a:01:01:01:01:01","sourcetimestamp":"2018-12-04T23:05:38.0000000Z","value":2693671}
{"displayname":"RealEnergyImport (kWh)","hwid":"PowerMeter-0a:01:01:01:01:01","sourcetimestamp":"2018-12-04T23:05:42.0000000Z","value":2693671}
{"displayname":"RealEnergyImport (kWh)","hwid":"PowerMeter-0a:01:01:01:01:01","sourcetimestamp":"2018-12-04T23:05:46.0000000Z","value":2693671}
{"displayname":"RealEnergyImport (kWh)","hwid":"PowerMeter-0a:01:01:01:01:01","sourcetimestamp":"2018-12-04T23:05:50.0000000Z","value":2693671}
{"displayname":"RealEnergyImport (kWh)","hwid":"PowerMeter-0a:01:01:01:01:01","sourcetimestamp":"2018-12-04T23:05:54.0000000Z","value":2693671}
{"displayname":"RealEnergyImport (kWh)","hwid":"PowerMeter-0a:01:01:01:01:01","sourcetimestamp":"2018-12-04T23:05:58.0000000Z","value":2693671}
{"displayname":"RealEnergyImport (kWh)","hwid":"PowerMeter-0a:01:01:01:01:01","sourcetimestamp":"2018-12-04T23:06:02.0000000Z","value":2693671}
{"displayname":"RealEnergyImport (kWh)","hwid":"PowerMeter-0a:01:01:01:01:01","sourcetimestamp":"2018-12-04T23:06:06.0000000Z","value":2693671}
{"displayname":"RealEnergyImport (kWh)","hwid":"PowerMeter-0a:01:01:01:01:01","sourcetimestamp":"2018-12-04T23:06:10.0000000Z","value":2693671}
{"displayname":"RealEnergyImport (kWh)","hwid":"PowerMeter-0a:01:01:01:01:01","sourcetimestamp":"2018-12-04T23:06:15.0000000Z","value":2693671}
{"displayname":"RealEnergyImport (kWh)","hwid":"PowerMeter-0a:01:01:01:01:01","sourcetimestamp":"2018-12-04T23:06:19.0000000Z","value":2693671}
{"displayname":"RealEnergyImport (kWh)","hwid":"PowerMeter-0a:01:01:01:01:01","sourcetimestamp":"2018-12-04T23:06:23.0000000Z","value":2693671}
{"displayname":"RealEnergyImport (kWh)","hwid":"PowerMeter-0a:01:01:01:01:01","sourcetimestamp":"2018-12-04T23:06:27.0000000Z","value":2693671}
{"displayname":"RealEnergyImport (kWh)","hwid":"PowerMeter-0a:01:01:01:01:01","sourcetimestamp":"2018-12-04T23:06:31.0000000Z","value":2693671}
{"displayname":"RealEnergyImport (kWh)","hwid":"PowerMeter-0a:01:01:01:01:01","sourcetimestamp":"2018-12-04T23:06:35.0000000Z","value":2693671}
{"displayname":"RealEnergyImport (kWh)","hwid":"PowerMeter-0a:01:01:01:01:01","sourcetimestamp":"2018-12-04T23:06:39.0000000Z","value":2693671}
{"displayname":"RealEnergyImport (kWh)","hwid":"PowerMeter-0a:01:01:01:01:01","sourcetimestamp":"2018-12-04T23:06:43.0000000Z","value":2693671}
{"displayname":"RealEnergyImport (kWh)","hwid":"PowerMeter-0a:01:01:01:01:01","sourcetimestamp":"2018-12-04T23:06:47.0000000Z","value":2693671}
{"displayname":"RealEnergyImport (kWh)","hwid":"PowerMeter-0a:01:01:01:01:01","sourcetimestamp":"2018-12-04T23:06:51.0000000Z","value":2693671}
{"displayname":"RealEnergyImport (kWh)","hwid":"PowerMeter-0a:01:01:01:01:01","sourcetimestamp":"2018-12-04T23:06:55.0000000Z","value":2693671}
{"displayname":"RealEnergyImport (kWh)","hwid":"PowerMeter-0a:01:01:01:01:01","sourcetimestamp":"2018-12-04T23:06:59.0000000Z","value":2693671}
{"displayname":"RealEnergyImport (kWh)","hwid":"PowerMeter-0a:01:01:01:01:01","sourcetimestamp":"2018-12-04T23:07:03.0000000Z","value":2693671}
{"displayname":"RealEnergyImport (kWh)","hwid":"PowerMeter-0a:01:01:01:01:01","sourcetimestamp":"2018-12-04T23:07:07.0000000Z","value":2693671}
{"displayname":"RealEnergyImport (kWh)","hwid":"PowerMeter-0a:01:01:01:01:01","sourcetimestamp":"2018-12-04T23:07:12.0000000Z","value":2693671}
{"displayname":"RealEnergyImport (kWh)","hwid":"PowerMeter-0a:01:01:01:01:01","sourcetimestamp":"2018-12-04T23:07:16.0000000Z","value":2693671}
{"displayname":"RealEnergyImport (kWh)","hwid":"PowerMeter-0a:01:01:01:01:01","sourcetimestamp":"2018-12-04T23:07:20.0000000Z","value":2693671}
{"displayname":"RealEnergyImport (kWh)","hwid":"PowerMeter-0a:01:01:01:01:01","sourcetimestamp":"2018-12-04T23:07:24.0000000Z","value":2693671.25}
{"displayname":"RealEnergyImport (kWh)","hwid":"PowerMeter-0a:01:01:01:01:01","sourcetimestamp":"2018-12-04T23:07:28.0000000Z","value":2693671.25}
{"displayname":"RealEnergyImport (kWh)","hwid":"PowerMeter-0a:01:01:01:01:01","sourcetimestamp":"2018-12-04T23:07:32.0000000Z","value":2693671.25}
{"displayname":"RealEnergyImport (kWh)","hwid":"PowerMeter-0a:01:01:01:01:01","sourcetimestamp":"2018-12-04T23:07:36.0000000Z","value":2693671.25}
{"displayname":"RealEnergyImport (kWh)","hwid":"PowerMeter-0a:01:01:01:01:01","sourcetimestamp":"2018-12-04T23:07:40.0000000Z","value":2693671.25}
{"displayname":"RealEnergyImport (kWh)","hwid":"PowerMeter-0a:01:01:01:01:01","sourcetimestamp":"2018-12-04T23:07:44.0000000Z","value":2693671.25}
{"displayname":"RealEnergyImport (kWh)","hwid":"PowerMeter-0a:01:01:01:01:01","sourcetimestamp":"2018-12-04T23:07:48.0000000Z","value":2693671.25}
{"displayname":"RealEnergyImport (kWh)","hwid":"PowerMeter-0a:01:01:01:01:01","sourcetimestamp":"2018-12-04T23:07:52.0000000Z","value":2693671.25}
{"displayname":"RealEnergyImport (kWh)","hwid":"PowerMeter-0a:01:01:01:01:01","sourcetimestamp":"2018-12-04T23:07:56.0000000Z","value":2693671.25}
{"displayname":"RealEnergyImport (kWh)","hwid":"PowerMeter-0a:01:01:01:01:01","sourcetimestamp":"2018-12-04T23:08:00.0000000Z","value":2693671.25}
{"displayname":"RealEnergyImport (kWh)","hwid":"PowerMeter-0a:01:01:01:01:01","sourcetimestamp":"2018-12-04T23:08:05.0000000Z","value":2693671.25}
{"displayname":"RealEnergyImport (kWh)","hwid":"PowerMeter-0a:01:01:01:01:01","sourcetimestamp":"2018-12-04T23:08:09.0000000Z","value":2693671.25}
{"displayname":"RealEnergyImport (kWh)","hwid":"PowerMeter-0a:01:01:01:01:01","sourcetimestamp":"2018-12-04T23:08:13.0000000Z","value":2693671.25}
{"displayname":"RealEnergyImport (kWh)","hwid":"PowerMeter-0a:01:01:01:01:01","sourcetimestamp":"2018-12-04T23:08:17.0000000Z","value":2693671.25}
{"displayname":"RealEnergyImport (kWh)","hwid":"PowerMeter-0a:01:01:01:01:01","sourcetimestamp":"2018-12-04T23:08:21.0000000Z","value":2693671.25}
{"displayname":"RealEnergyImport (kWh)","hwid":"PowerMeter-0a:01:01:01:01:01","sourcetimestamp":"2018-12-04T23:08:25.0000000Z","value":2693671.25}
{"displayname":"RealEnergyImport (kWh)","hwid":"PowerMeter-0a:01:01:01:01:01","sourcetimestamp":"2018-12-04T23:08:29.0000000Z","value":2693671.25}
{"displayname":"RealEnergyImport (kWh)","hwid":"PowerMeter-0a:01:01:01:01:01","sourcetimestamp":"2018-12-04T23:08:33.0000000Z","value":2693671.25}
{"displayname":"RealEnergyImport (kWh)","hwid":"PowerMeter-0a:01:01:01:01:01","sourcetimestamp":"2018-12-04T23:08:37.0000000Z","value":2693671.25}
{"displayname":"RealEnergyImport (kWh)","hwid":"PowerMeter-0a:01:01:01:01:01","sourcetimestamp":"2018-12-04T23:08:41.0000000Z","value":2693671.25}
{"displayname":"RealEnergyImport (kWh)","hwid":"PowerMeter-0a:01:01:01:01:01","sourcetimestamp":"2018-12-04T23:08:45.0000000Z","value":2693671.25}
{"displayname":"RealEnergyImport (kWh)","hwid":"PowerMeter-0a:01:01:01:01:01","sourcetimestamp":"2018-12-04T23:08:49.0000000Z","value":2693671.25}
{"displayname":"RealEnergyImport (kWh)","hwid":"PowerMeter-0a:01:01:01:01:01","sourcetimestamp":"2018-12-04T23:08:53.0000000Z","value":2693671.25}
{"displayname":"RealEnergyImport (kWh)","hwid":"PowerMeter-0a:01:01:01:01:01","sourcetimestamp":"2018-12-04T23:08:57.0000000Z","value":2693671.25}
{"displayname":"RealEnergyImport (kWh)","hwid":"PowerMeter-0a:01:01:01:01:01","sourcetimestamp":"2018-12-04T23:09:01.0000000Z","value":2693671.25}
{"displayname":"RealEnergyImport (kWh)","hwid":"PowerMeter-0a:01:01:01:01:01","sourcetimestamp":"2018-12-04T23:09:06.0000000Z","value":2693671.25}
{"displayname":"RealEnergyImport (kWh)","hwid":"PowerMeter-0a:01:01:01:01:01","sourcetimestamp":"2018-12-04T23:09:10.0000000Z","value":2693671.25}
{"displayname":"RealEnergyImport (kWh)","hwid":"PowerMeter-0a:01:01:01:01:01","sourcetimestamp":"2018-12-04T23:09:14.0000000Z","value":2693671.25}
{"displayname":"RealEnergyImport (kWh)","hwid":"PowerMeter-0a:01:01:01:01:01","sourcetimestamp":"2018-12-04T23:09:18.0000000Z","value":2693671.25}
{"displayname":"RealEnergyImport (kWh)","hwid":"PowerMeter-0a:01:01:01:01:01","sourcetimestamp":"2018-12-04T23:09:22.0000000Z","value":2693671.25}
{"displayname":"RealEnergyImport (kWh)","hwid":"PowerMeter-0a:01:01:01:01:01","sourcetimestamp":"2018-12-04T23:09:26.0000000Z","value":2693671.25}
{"displayname":"RealEnergyImport (kWh)","hwid":"PowerMeter-0a:01:01:01:01:01","sourcetimestamp":"2018-12-04T23:09:30.0000000Z","value":2693671.5}
{"displayname":"RealEnergyImport (kWh)","hwid":"PowerMeter-0a:01:01:01:01:01","sourcetimestamp":"2018-12-04T23:09:34.0000000Z","value":2693671.5}
{"displayname":"RealEnergyImport (kWh)","hwid":"PowerMeter-0a:01:01:01:01:01","sourcetimestamp":"2018-12-04T23:09:38.0000000Z","value":2693671.5}
{"displayname":"RealEnergyImport (kWh)","hwid":"PowerMeter-0a:01:01:01:01:01","sourcetimestamp":"2018-12-04T23:09:42.0000000Z","value":2693671.5}
{"displayname":"RealEnergyImport (kWh)","hwid":"PowerMeter-0a:01:01:01:01:01","sourcetimestamp":"2018-12-04T23:09:46.0000000Z","value":2693671.5}
{"displayname":"RealEnergyImport (kWh)","hwid":"PowerMeter-0a:01:01:01:01:01","sourcetimestamp":"2018-12-04T23:09:50.0000000Z","value":2693671.5}
{"displayname":"RealEnergyImport (kWh)","hwid":"PowerMeter-0a:01:01:01:01:01","sourcetimestamp":"2018-12-04T23:09:54.0000000Z","value":2693671.5}
{"displayname":"RealEnergyImport (kWh)","hwid":"PowerMeter-0a:01:01:01:01:01","sourcetimestamp":"2018-12-04T23:09:58.0000000Z","value":2693671.5}
{"displayname":"RealEnergyImport (kWh)","hwid":"PowerMeter-0a:01:01:01:01:01","sourcetimestamp":"2018-12-04T23:10:03.0000000Z","value":2693671.5}
{"displayname":"RealEnergyImport (kWh)","hwid":"PowerMeter-0a:01:01:01:01:01","sourcetimestamp":"2018-12-04T23:10:07.0000000Z","value":2693671.5}
{"displayname":"RealEnergyImport (kWh)","hwid":"PowerMeter-0a:01:01:01:01:01","sourcetimestamp":"2018-12-04T23:10:11.0000000Z","value":2693671.5}
{"displayname":"RealEnergyImport (kWh)","hwid":"PowerMeter-0a:01:01:01:01:01","sourcetimestamp":"2018-12-04T23:10:15.0000000Z","value":2693671.5}
{"displayname":"RealEnergyImport (kWh)","hwid":"PowerMeter-0a:01:01:01:01:01","sourcetimestamp":"2018-12-04T23:10:19.0000000Z","value":2693671.5}
{"displayname":"RealEnergyImport (kWh)","hwid":"PowerMeter-0a:01:01:01:01:01","sourcetimestamp":"2018-12-04T23:10:23.0000000Z","value":2693671.5}
{"displayname":"RealEnergyImport (kWh)","hwid":"PowerMeter-0a:01:01:01:01:01","sourcetimestamp":"2018-12-04T23:10:27.0000000Z","value":2693671.5}
{"displayname":"RealEnergyImport (kWh)","hwid":"PowerMeter-0a:01:01:01:01:01","sourcetimestamp":"2018-12-04T23:10:31.0000000Z","value":2693671.5}
{"displayname":"RealEnergyImport (kWh)","hwid":"PowerMeter-0a:01:01:01:01:01","sourcetimestamp":"2018-12-04T23:10:35.0000000Z","value":2693671.5}
{"displayname":"RealEnergyImport (kWh)","hwid":"PowerMeter-0a:01:01:01:01:01","sourcetimestamp":"2018-12-04T23:10:39.0000000Z","value":2693671.5}
{"displayname":"RealEnergyImport (kWh)","hwid":"PowerMeter-0a:01:01:01:01:01","sourcetimestamp":"2018-12-04T23:10:43.0000000Z","value":2693671.5}
{"displayname":"RealEnergyImport (kWh)","hwid":"PowerMeter-0a:01:01:01:01:01","sourcetimestamp":"2018-12-04T23:10:47.0000000Z","value":2693671.5}
{"displayname":"RealEnergyImport (kWh)","hwid":"PowerMeter-0a:01:01:01:01:01","sourcetimestamp":"2018-12-04T23:10:51.0000000Z","value":2693671.5}
{"displayname":"RealEnergyImport (kWh)","hwid":"PowerMeter-0a:01:01:01:01:01","sourcetimestamp":"2018-12-04T23:10:56.0000000Z","value":2693671.5}
{"displayname":"RealEnergyImport (kWh)","hwid":"PowerMeter-0a:01:01:01:01:01","sourcetimestamp":"2018-12-04T23:11:00.0000000Z","value":2693671.5}
{"displayname":"RealEnergyImport (kWh)","hwid":"PowerMeter-0a:01:01:01:01:01","sourcetimestamp":"2018-12-04T23:11:04.0000000Z","value":2693671.5}
{"displayname":"RealEnergyImport (kWh)","hwid":"PowerMeter-0a:01:01:01:01:01","sourcetimestamp":"2018-12-04T23:11:08.0000000Z","value":2693671.5}
{"displayname":"RealEnergyImport (kWh)","hwid":"PowerMeter-0a:01:01:01:01:01","sourcetimestamp":"2018-12-04T23:11:12.0000000Z","value":2693671.5}
{"displayname":"RealEnergyImport (kWh)","hwid":"PowerMeter-0a:01:01:01:01:01","sourcetimestamp":"2018-12-04T23:11:16.0000000Z","value":2693671.5}
{"displayname":"RealEnergyImport (kWh)","hwid":"PowerMeter-0a:01:01:01:01:01","sourcetimestamp":"2018-12-04T23:11:20.0000000Z","value":2693671.5}
{"displayname":"RealEnergyImport (kWh)","hwid":"PowerMeter-0a:01:01:01:01:01","sourcetimestamp":"2018-12-04T23:11:24.0000000Z","value":2693671.5}
{"displayname":"RealEnergyImport (kWh)","hwid":"PowerMeter-0a:01:01:01:01:01","sourcetimestamp":"2018-12-04T23:11:28.0000000Z","value":2693671.5}
{"displayname":"RealEnergyImport (kWh)","hwid":"PowerMeter-0a:01:01:01:01:01","sourcetimestamp":"2018-12-04T23:11:32.0000000Z","value":2693671.5}
{"displayname":"RealEnergyImport (kWh)","hwid":"PowerMeter-0a:01:01:01:01:01","sourcetimestamp":"2018-12-04T23:11:36.0000000Z","value":2693671.5}
{"displayname":"RealEnergyImport (kWh)","hwid":"PowerMeter-0a:01:01:01:01:01","sourcetimestamp":"2018-12-04T23:11:40.0000000Z","value":2693671.5}
{"displayname":"RealEnergyImport (kWh)","hwid":"PowerMeter-0a:01:01:01:01:01","sourcetimestamp":"2018-12-04T23:11:44.0000000Z","value":2693671.5}
{"displayname":"RealEnergyImport (kWh)","hwid":"PowerMeter-0a:01:01:01:01:01","sourcetimestamp":"2018-12-04T23:11:48.0000000Z","value":2693671.5}
{"displayname":"RealEnergyImport (kWh)","hwid":"PowerMeter-0a:01:01:01:01:01","sourcetimestamp":"2018-12-04T23:11:53.0000000Z","value":2693671.75}
{"displayname":"RealEnergyImport (kWh)","hwid":"PowerMeter-0a:01:01:01:01:01","sourcetimestamp":"2018-12-04T23:11:57.0000000Z","value":2693671.75}
{"displayname":"RealEnergyImport (kWh)","hwid":"PowerMeter-0a:01:01:01:01:01","sourcetimestamp":"2018-12-04T23:12:01.0000000Z","value":2693671.75}
{"displayname":"RealEnergyImport (kWh)","hwid":"PowerMeter-0a:01:01:01:01:01","sourcetimestamp":"2018-12-04T23:12:05.0000000Z","value":2693671.75}
{"displayname":"RealEnergyImport (kWh)","hwid":"PowerMeter-0a:01:01:01:01:01","sourcetimestamp":"2018-12-04T23:12:09.0000000Z","value":2693671.75}
{"displayname":"RealEnergyImport (kWh)","hwid":"PowerMeter-0a:01:01:01:01:01","sourcetimestamp":"2018-12-04T23:12:13.0000000Z","value":2693671.75}
{"displayname":"RealEnergyImport (kWh)","hwid":"PowerMeter-0a:01:01:01:01:01","sourcetimestamp":"2018-12-04T23:12:17.0000000Z","value":2693671.75}
{"displayname":"RealEnergyImport (kWh)","hwid":"PowerMeter-0a:01:01:01:01:01","sourcetimestamp":"2018-12-04T23:12:22.0000000Z","value":2693671.75}
{"displayname":"RealEnergyImport (kWh)","hwid":"PowerMeter-0a:01:01:01:01:01","sourcetimestamp":"2018-12-04T23:12:26.0000000Z","value":2693671.75}
{"displayname":"RealEnergyImport (kWh)","hwid":"PowerMeter-0a:01:01:01:01:01","sourcetimestamp":"2018-12-04T23:12:31.0000000Z","value":2693671.75}
{"displayname":"RealEnergyImport (kWh)","hwid":"PowerMeter-0a:01:01:01:01:01","sourcetimestamp":"2018-12-04T23:12:35.0000000Z","value":2693671.75}
{"displayname":"RealEnergyImport (kWh)","hwid":"PowerMeter-0a:01:01:01:01:01","sourcetimestamp":"2018-12-04T23:12:39.0000000Z","value":2693671.75}
{"displayname":"RealEnergyImport (kWh)","hwid":"PowerMeter-0a:01:01:01:01:01","sourcetimestamp":"2018-12-04T23:12:43.0000000Z","value":2693671.75}
{"displayname":"RealEnergyImport (kWh)","hwid":"PowerMeter-0a:01:01:01:01:01","sourcetimestamp":"2018-12-04T23:12:47.0000000Z","value":2693671.75}
{"displayname":"RealEnergyImport (kWh)","hwid":"PowerMeter-0a:01:01:01:01:01","sourcetimestamp":"2018-12-04T23:12:51.0000000Z","value":2693671.75}
{"displayname":"RealEnergyImport (kWh)","hwid":"PowerMeter-0a:01:01:01:01:01","sourcetimestamp":"2018-12-04T23:12:55.0000000Z","value":2693671.75}
{"displayname":"RealEnergyImport (kWh)","hwid":"PowerMeter-0a:01:01:01:01:01","sourcetimestamp":"2018-12-04T23:12:59.0000000Z","value":2693671.75}
{"displayname":"RealEnergyImport (kWh)","hwid":"PowerMeter-0a:01:01:01:01:01","sourcetimestamp":"2018-12-04T23:13:03.0000000Z","value":2693671.75}
{"displayname":"RealEnergyImport (kWh)","hwid":"PowerMeter-0a:01:01:01:01:01","sourcetimestamp":"2018-12-04T23:13:07.0000000Z","value":2693671.75}
{"displayname":"RealEnergyImport (kWh)","hwid":"PowerMeter-0a:01:01:01:01:01","sourcetimestamp":"2018-12-04T23:13:11.0000000Z","value":2693671.75}
{"displayname":"RealEnergyImport (kWh)","hwid":"PowerMeter-0a:01:01:01:01:01","sourcetimestamp":"2018-12-04T23:13:16.0000000Z","value":2693671.75}
{"displayname":"RealEnergyImport (kWh)","hwid":"PowerMeter-0a:01:01:01:01:01","sourcetimestamp":"2018-12-04T23:13:20.0000000Z","value":2693671.75}
{"displayname":"RealEnergyImport (kWh)","hwid":"PowerMeter-0a:01:01:01:01:01","sourcetimestamp":"2018-12-04T23:13:24.0000000Z","value":2693671.75}
{"displayname":"RealEnergyImport (kWh)","hwid":"PowerMeter-0a:01:01:01:01:01","sourcetimestamp":"2018-12-04T23:13:28.0000000Z","value":2693671.75}
{"displayname":"RealEnergyImport (kWh)","hwid":"PowerMeter-0a:01:01:01:01:01","sourcetimestamp":"2018-12-04T23:13:32.0000000Z","value":2693671.75}
{"displayname":"RealEnergyImport (kWh)","hwid":"PowerMeter-0a:01:01:01:01:01","sourcetimestamp":"2018-12-04T23:13:36.0000000Z","value":2693671.75}
{"displayname":"RealEnergyImport (kWh)","hwid":"PowerMeter-0a:01:01:01:01:01","sourcetimestamp":"2018-12-04T23:13:40.0000000Z","value":2693671.75}
{"displayname":"RealEnergyImport (kWh)","hwid":"PowerMeter-0a:01:01:01:01:01","sourcetimestamp":"2018-12-04T23:13:44.0000000Z","value":2693671.75}
{"displayname":"RealEnergyImport (kWh)","hwid":"PowerMeter-0a:01:01:01:01:01","sourcetimestamp":"2018-12-04T23:13:48.0000000Z","value":2693671.75}
{"displayname":"RealEnergyImport (kWh)","hwid":"PowerMeter-0a:01:01:01:01:01","sourcetimestamp":"2018-12-04T23:13:52.0000000Z","value":2693671.75}
{"displayname":"RealEnergyImport (kWh)","hwid":"PowerMeter-0a:01:01:01:01:01","sourcetimestamp":"2018-12-04T23:13:56.0000000Z","value":2693671.75}
{"displayname":"RealEnergyImport (kWh)","hwid":"PowerMeter-0a:01:01:01:01:01","sourcetimestamp":"2018-12-04T23:14:00.0000000Z","value":2693671.75}
{"displayname":"RealEnergyImport (kWh)","hwid":"PowerMeter-0a:01:01:01:01:01","sourcetimestamp":"2018-12-04T23:14:05.0000000Z","value":2693671.75}
{"displayname":"RealEnergyImport (kWh)","hwid":"PowerMeter-0a:01:01:01:01:01","sourcetimestamp":"2018-12-04T23:14:09.0000000Z","value":2693671.75}
{"displayname":"RealEnergyImport (kWh)","hwid":"PowerMeter-0a:01:01:01:01:01","sourcetimestamp":"2018-12-04T23:14:13.0000000Z","value":2693671.75}
{"displayname":"RealEnergyImport (kWh)","hwid":"PowerMeter-0a:01:01:01:01:01","sourcetimestamp":"2018-12-04T23:14:17.0000000Z","value":2693671.75}
{"displayname":"RealEnergyImport (kWh)","hwid":"PowerMeter-0a:01:01:01:01:01","sourcetimestamp":"2018-12-04T23:14:21.0000000Z","value":2693671.75}
{"displayname":"RealEnergyImport (kWh)","hwid":"PowerMeter-0a:01:01:01:01:01","sourcetimestamp":"2018-12-04T23:14:25.0000000Z","value":2693671.75}
{"displayname":"RealEnergyImport (kWh)","hwid":"PowerMeter-0a:01:01:01:01:01","sourcetimestamp":"2018-12-04T23:14:29.0000000Z","value":2693672}
{"displayname":"RealEnergyImport (kWh)","hwid":"PowerMeter-0a:01:01:01:01:01","sourcetimestamp":"2018-12-04T23:14:33.0000000Z","value":2693672}
{"displayname":"RealEnergyImport (kWh)","hwid":"PowerMeter-0a:01:01:01:01:01","sourcetimestamp":"2018-12-04T23:14:37.0000000Z","value":2693672}
{"displayname":"RealEnergyImport (kWh)","hwid":"PowerMeter-0a:01:01:01:01:01","sourcetimestamp":"2018-12-04T23:14:41.0000000Z","value":2693672}
{"displayname":"RealEnergyImport (kWh)","hwid":"PowerMeter-0a:01:01:01:01:01","sourcetimestamp":"2018-12-04T23:14:45.0000000Z","value":2693672}
{"displayname":"RealEnergyImport (kWh)","hwid":"PowerMeter-0a:01:01:01:01:01","sourcetimestamp":"2018-12-04T23:14:49.0000000Z","value":2693672}
{"displayname":"RealEnergyImport (kWh)","hwid":"PowerMeter-0a:01:01:01:01:01","sourcetimestamp":"2018-12-04T23:14:53.0000000Z","value":2693672}
{"displayname":"RealEnergyImport (kWh)","hwid":"PowerMeter-0a:01:01:01:01:01","sourcetimestamp":"2018-12-04T23:14:57.0000000Z","value":2693672}
{"displayname":"RealEnergyImport (kWh)","hwid":"PowerMeter-0a:01:01:01:01:01","sourcetimestamp":"2018-12-04T23:15:01.0000000Z","value":2693672}
{"displayname":"RealEnergyImport (kWh)","hwid":"PowerMeter-0a:01:01:01:01:01","sourcetimestamp":"2018-12-04T23:15:06.0000000Z","value":2693672}
{"displayname":"RealEnergyImport (kWh)","hwid":"PowerMeter-0a:01:01:01:01:01","sourcetimestamp":"2018-12-04T23:15:10.0000000Z","value":2693672}
{"displayname":"RealEnergyImport (kWh)","hwid":"PowerMeter-0a:01:01:01:01:01","sourcetimestamp":"2018-12-04T23:15:14.0000000Z","value":2693672}
{"displayname":"RealEnergyImport (kWh)","hwid":"PowerMeter-0a:01:01:01:01:01","sourcetimestamp":"2018-12-04T23:15:18.0000000Z","value":2693672}
{"displayname":"RealEnergyImport (kWh)","hwid":"PowerMeter-0a:01:01:01:01:01","sourcetimestamp":"2018-12-04T23:15:22.0000000Z","value":2693672}
{"displayname":"RealEnergyImport (kWh)","hwid":"PowerMeter-0a:01:01:01:01:01","sourcetimestamp":"2018-12-04T23:15:26.0000000Z","value":2693672}
{"displayname":"RealEnergyImport (kWh)","hwid":"PowerMeter-0a:01:01:01:01:01","sourcetimestamp":"2018-12-04T23:15:30.0000000Z","value":2693672}
{"displayname":"RealEnergyImport (kWh)","hwid":"PowerMeter-0a:01:01:01:01:01","sourcetimestamp":"2018-12-04T23:15:34.0000000Z","value":2693672}
{"displayname":"RealEnergyImport (kWh)","hwid":"PowerMeter-0a:01:01:01:01:01","sourcetimestamp":"2018-12-04T23:15:38.0000000Z","value":2693672}
{"displayname":"RealEnergyImport (kWh)","hwid":"PowerMeter-0a:01:01:01:01:01","sourcetimestamp":"2018-12-04T23:15:42.0000000Z","value":2693672}
{"displayname":"RealEnergyImport (kWh)","hwid":"PowerMeter-0a:01:01:01:01:01","sourcetimestamp":"2018-12-04T23:15:46.0000000Z","value":2693672}
{"displayname":"RealEnergyImport (kWh)","hwid":"PowerMeter-0a:01:01:01:01:01","sourcetimestamp":"2018-12-04T23:15:50.0000000Z","value":2693672}
{"displayname":"RealEnergyImport (kWh)","hwid":"PowerMeter-0a:01:01:01:01:01","sourcetimestamp":"2018-12-04T23:15:55.0000000Z","value":2693672}
{"displayname":"RealEnergyImport (kWh)","hwid":"PowerMeter-0a:01:01:01:01:01","sourcetimestamp":"2018-12-04T23:15:59.0000000Z","value":2693672}
{"displayname":"RealEnergyImport (kWh)","hwid":"PowerMeter-0a:01:01:01:01:01","sourcetimestamp":"2018-12-04T23:16:03.0000000Z","value":2693672}
{"displayname":"RealEnergyImport (kWh)","hwid":"PowerMeter-0a:01:01:01:01:01","sourcetimestamp":"2018-12-04T23:16:07.0000000Z","value":2693672}
{"displayname":"RealEnergyImport (kWh)","hwid":"PowerMeter-0a:01:01:01:01:01","sourcetimestamp":"2018-12-04T23:16:11.0000000Z","value":2693672}
{"displayname":"RealEnergyImport (kWh)","hwid":"PowerMeter-0a:01:01:01:01:01","sourcetimestamp":"2018-12-04T23:16:15.0000000Z","value":2693672}
{"displayname":"RealEnergyImport (kWh)","hwid":"PowerMeter-0a:01:01:01:01:01","sourcetimestamp":"2018-12-04T23:16:19.0000000Z","value":2693672}
{"displayname":"RealEnergyImport (kWh)","hwid":"PowerMeter-0a:01:01:01:01:01","sourcetimestamp":"2018-12-04T23:16:23.0000000Z","value":2693672}
{"displayname":"RealEnergyImport (kWh)","hwid":"PowerMeter-0a:01:01:01:01:01","sourcetimestamp":"2018-12-04T23:16:27.0000000Z","value":2693672}
{"displayname":"RealEnergyImport (kWh)","hwid":"PowerMeter-0a:01:01:01:01:01","sourcetimestamp":"2018-12-04T23:16:32.0000000Z","value":2693672}
{"displayname":"RealEnergyImport (kWh)","hwid":"PowerMeter-0a:01:01:01:01:01","sourcetimestamp":"2018-12-04T23:16:36.0000000Z","value":2693672}
{"displayname":"RealEnergyImport (kWh)","hwid":"PowerMeter-0a:01:01:01:01:01","sourcetimestamp":"2018-12-04T23:16:40.0000000Z","value":2693672}
{"displayname":"RealEnergyImport (kWh)","hwid":"PowerMeter-0a:01:01:01:01:01","sourcetimestamp":"2018-12-04T23:16:45.0000000Z","value":2693672}
{"displayname":"RealEnergyImport (kWh)","hwid":"PowerMeter-0a:01:01:01:01:01","sourcetimestamp":"2018-12-04T23:16:49.0000000Z","value":2693672}
{"displayname":"RealEnergyImport (kWh)","hwid":"PowerMeter-0a:01:01:01:01:01","sourcetimestamp":"2018-12-04T23:16:53.0000000Z","value":2693672}
{"displayname":"RealEnergyImport (kWh)","hwid":"PowerMeter-0a:01:01:01:01:01","sourcetimestamp":"2018-12-04T23:16:57.0000000Z","value":2693672}
{"displayname":"RealEnergyImport (kWh)","hwid":"PowerMeter-0a:01:01:01:01:01","sourcetimestamp":"2018-12-04T23:17:01.0000000Z","value":2693672}
{"displayname":"RealEnergyImport (kWh)","hwid":"PowerMeter-0a:01:01:01:01:01","sourcetimestamp":"2018-12-04T23:17:05.0000000Z","value":2693672}
{"displayname":"RealEnergyImport (kWh)","hwid":"PowerMeter-0a:01:01:01:01:01","sourcetimestamp":"2018-12-04T23:17:09.0000000Z","value":2693672}
{"displayname":"RealEnergyImport (kWh)","hwid":"PowerMeter-0a:01:01:01:01:01","sourcetimestamp":"2018-12-04T23:17:13.0000000Z","value":2693672}
{"displayname":"RealEnergyImport (kWh)","hwid":"PowerMeter-0a:01:01:01:01:01","sourcetimestamp":"2018-12-04T23:17:17.0000000Z","value":2693672}
{"displayname":"RealEnergyImport (kWh)","hwid":"PowerMeter-0a:01:01:01:01:01","sourcetimestamp":"2018-12-04T23:17:22.0000000Z","value":2693672}
{"displayname":"RealEnergyImport (kWh)","hwid":"PowerMeter-0a:01:01:01:01:01","sourcetimestamp":"2018-12-04T23:17:26.0000000Z","value":2693672.25}
{"displayname":"RealEnergyImport (kWh)","hwid":"PowerMeter-0a:01:01:01:01:01","sourcetimestamp":"2018-12-04T23:17:30.0000000Z","value":2693672.25}
{"displayname":"RealEnergyImport (kWh)","hwid":"PowerMeter-0a:01:01:01:01:01","sourcetimestamp":"2018-12-04T23:17:34.0000000Z","value":2693672.25}
{"displayname":"RealEnergyImport (kWh)","hwid":"PowerMeter-0a:01:01:01:01:01","sourcetimestamp":"2018-12-04T23:17:38.0000000Z","value":2693672.25}
{"displayname":"RealEnergyImport (kWh)","hwid":"PowerMeter-0a:01:01:01:01:01","sourcetimestamp":"2018-12-04T23:17:43.0000000Z","value":2693672.25}
{"displayname":"RealEnergyImport (kWh)","hwid":"PowerMeter-0a:01:01:01:01:01","sourcetimestamp":"2018-12-04T23:17:47.0000000Z","value":2693672.25}
{"displayname":"RealEnergyImport (kWh)","hwid":"PowerMeter-0a:01:01:01:01:01","sourcetimestamp":"2018-12-04T23:17:51.0000000Z","value":2693672.25}
{"displayname":"RealEnergyImport (kWh)","hwid":"PowerMeter-0a:01:01:01:01:01","sourcetimestamp":"2018-12-04T23:17:55.0000000Z","value":2693672.25}
{"displayname":"RealEnergyImport (kWh)","hwid":"PowerMeter-0a:01:01:01:01:01","sourcetimestamp":"2018-12-04T23:17:59.0000000Z","value":2693672.25}
{"displayname":"RealEnergyImport (kWh)","hwid":"PowerMeter-0a:01:01:01:01:01","sourcetimestamp":"2018-12-04T23:18:03.0000000Z","value":2693672.25}
{"displayname":"RealEnergyImport (kWh)","hwid":"PowerMeter-0a:01:01:01:01:01","sourcetimestamp":"2018-12-04T23:18:07.0000000Z","value":2693672.25}
{"displayname":"RealEnergyImport (kWh)","hwid":"PowerMeter-0a:01:01:01:01:01","sourcetimestamp":"2018-12-04T23:18:11.0000000Z","value":2693672.25}
{"displayname":"RealEnergyImport (kWh)","hwid":"PowerMeter-0a:01:01:01:01:01","sourcetimestamp":"2018-12-04T23:18:15.0000000Z","value":2693672.25}
{"displayname":"RealEnergyImport (kWh)","hwid":"PowerMeter-0a:01:01:01:01:01","sourcetimestamp":"2018-12-04T23:18:20.0000000Z","value":2693672.25}
{"displayname":"RealEnergyImport (kWh)","hwid":"PowerMeter-0a:01:01:01:01:01","sourcetimestamp":"2018-12-04T23:18:24.0000000Z","value":2693672.25}
{"displayname":"RealEnergyImport (kWh)","hwid":"PowerMeter-0a:01:01:01:01:01","sourcetimestamp":"2018-12-04T23:18:28.0000000Z","value":2693672.25}
{"displayname":"RealEnergyImport (kWh)","hwid":"PowerMeter-0a:01:01:01:01:01","sourcetimestamp":"2018-12-04T23:18:33.0000000Z","value":2693672.25}
{"displayname":"RealEnergyImport (kWh)","hwid":"PowerMeter-0a:01:01:01:01:01","sourcetimestamp":"2018-12-04T23:18:38.0000000Z","value":2693672.25}
{"displayname":"RealEnergyImport (kWh)","hwid":"PowerMeter-0a:01:01:01:01:01","sourcetimestamp":"2018-12-04T23:18:42.0000000Z","value":2693672.25}
{"displayname":"RealEnergyImport (kWh)","hwid":"PowerMeter-0a:01:01:01:01:01","sourcetimestamp":"2018-12-04T23:18:46.0000000Z","value":2693672.25}
{"displayname":"RealEnergyImport (kWh)","hwid":"PowerMeter-0a:01:01:01:01:01","sourcetimestamp":"2018-12-04T23:18:50.0000000Z","value":2693672.25}
{"displayname":"RealEnergyImport (kWh)","hwid":"PowerMeter-0a:01:01:01:01:01","sourcetimestamp":"2018-12-04T23:18:54.0000000Z","value":2693672.25}
{"displayname":"RealEnergyImport (kWh)","hwid":"PowerMeter-0a:01:01:01:01:01","sourcetimestamp":"2018-12-04T23:18:58.0000000Z","value":2693672.25}
{"displayname":"RealEnergyImport (kWh)","hwid":"PowerMeter-0a:01:01:01:01:01","sourcetimestamp":"2018-12-04T23:19:02.0000000Z","value":2693672.25}
{"displayname":"RealEnergyImport (kWh)","hwid":"PowerMeter-0a:01:01:01:01:01","sourcetimestamp":"2018-12-04T23:19:06.0000000Z","value":2693672.25}
{"displayname":"RealEnergyImport (kWh)","hwid":"PowerMeter-0a:01:01:01:01:01","sourcetimestamp":"2018-12-04T23:19:10.0000000Z","value":2693672.25}
{"displayname":"RealEnergyImport (kWh)","hwid":"PowerMeter-0a:01:01:01:01:01","sourcetimestamp":"2018-12-04T23:19:14.0000000Z","value":2693672.25}
{"displayname":"RealEnergyImport (kWh)","hwid":"PowerMeter-0a:01:01:01:01:01","sourcetimestamp":"2018-12-04T23:19:18.0000000Z","value":2693672.25}
{"displayname":"RealEnergyImport (kWh)","hwid":"PowerMeter-0a:01:01:01:01:01","sourcetimestamp":"2018-12-04T23:19:22.0000000Z","value":2693672.25}
{"displayname":"RealEnergyImport (kWh)","hwid":"PowerMeter-0a:01:01:01:01:01","sourcetimestamp":"2018-12-04T23:19:27.0000000Z","value":2693672.25}
{"displayname":"RealEnergyImport (kWh)","hwid":"PowerMeter-0a:01:01:01:01:01","sourcetimestamp":"2018-12-04T23:19:31.0000000Z","value":2693672.25}
{"displayname":"RealEnergyImport (kWh)","hwid":"PowerMeter-0a:01:01:01:01:01","sourcetimestamp":"2018-12-04T23:19:35.0000000Z","value":2693672.25}
{"displayname":"RealEnergyImport (kWh)","hwid":"PowerMeter-0a:01:01:01:01:01","sourcetimestamp":"2018-12-04T23:19:39.0000000Z","value":2693672.25}
{"displayname":"RealEnergyImport (kWh)","hwid":"PowerMeter-0a:01:01:01:01:01","sourcetimestamp":"2018-12-04T23:19:43.0000000Z","value":2693672.25}
{"displayname":"RealEnergyImport (kWh)","hwid":"PowerMeter-0a:01:01:01:01:01","sourcetimestamp":"2018-12-04T23:19:47.0000000Z","value":2693672.25}
{"displayname":"RealEnergyImport (kWh)","hwid":"PowerMeter-0a:01:01:01:01:01","sourcetimestamp":"2018-12-04T23:19:51.0000000Z","value":2693672.25}
{"displayname":"RealEnergyImport (kWh)","hwid":"PowerMeter-0a:01:01:01:01:01","sourcetimestamp":"2018-12-04T23:19:55.0000000Z","value":2693672.25}
{"displayname":"RealEnergyImport (kWh)","hwid":"PowerMeter-0a:01:01:01:01:01","sourcetimestamp":"2018-12-04T23:19:59.0000000Z","value":2693672.25}
{"displayname":"RealEnergyImport (kWh)","hwid":"PowerMeter-0a:01:01:01:01:01","sourcetimestamp":"2018-12-04T23:20:03.0000000Z","value":2693672.25}
{"displayname":"RealEnergyImport (kWh)","hwid":"PowerMeter-0a:01:01:01:01:01","sourcetimestamp":"2018-12-04T23:20:07.0000000Z","value":2693672.25}
{"displayname":"RealEnergyImport (kWh)","hwid":"PowerMeter-0a:01:01:01:01:01","sourcetimestamp":"2018-12-04T23:20:11.0000000Z","value":2693672.25}
{"displayname":"RealEnergyImport (kWh)","hwid":"PowerMeter-0a:01:01:01:01:01","sourcetimestamp":"2018-12-04T23:20:15.0000000Z","value":2693672.25}
{"displayname":"RealEnergyImport (kWh)","hwid":"PowerMeter-0a:01:01:01:01:01","sourcetimestamp":"2018-12-04T23:20:19.0000000Z","value":2693672.25}
{"displayname":"RealEnergyImport (kWh)","hwid":"PowerMeter-0a:01:01:01:01:01","sourcetimestamp":"2018-12-04T23:20:24.0000000Z","value":2693672.25}
{"displayname":"RealEnergyImport (kWh)","hwid":"PowerMeter-0a:01:01:01:01:01","sourcetimestamp":"2018-12-04T23:20:28.0000000Z","value":2693672.25}
{"displayname":"RealEnergyImport (kWh)","hwid":"PowerMeter-0a:01:01:01:01:01","sourcetimestamp":"2018-12-04T23:20:32.0000000Z","value":2693672.25}
{"displayname":"RealEnergyImport (kWh)","hwid":"PowerMeter-0a:01:01:01:01:01","sourcetimestamp":"2018-12-04T23:20:36.0000000Z","value":2693672.25}
{"displayname":"RealEnergyImport (kWh)","hwid":"PowerMeter-0a:01:01:01:01:01","sourcetimestamp":"2018-12-04T23:20:40.0000000Z","value":2693672.25}
{"displayname":"RealEnergyImport (kWh)","hwid":"PowerMeter-0a:01:01:01:01:01","sourcetimestamp":"2018-12-04T23:20:44.0000000Z","value":2693672.25}
{"displayname":"RealEnergyImport (kWh)","hwid":"PowerMeter-0a:01:01:01:01:01","sourcetimestamp":"2018-12-04T23:20:48.0000000Z","value":2693672.25}
{"displayname":"RealEnergyImport (kWh)","hwid":"PowerMeter-0a:01:01:01:01:01","sourcetimestamp":"2018-12-04T23:20:52.0000000Z","value":2693672.5}
{"displayname":"RealEnergyImport (kWh)","hwid":"PowerMeter-0a:01:01:01:01:01","sourcetimestamp":"2018-12-04T23:20:56.0000000Z","value":2693672.5}
{"displayname":"RealEnergyImport (kWh)","hwid":"PowerMeter-0a:01:01:01:01:01","sourcetimestamp":"2018-12-04T23:21:00.0000000Z","value":2693672.5}
{"displayname":"RealEnergyImport (kWh)","hwid":"PowerMeter-0a:01:01:01:01:01","sourcetimestamp":"2018-12-04T23:21:04.0000000Z","value":2693672.5}
{"displayname":"RealEnergyImport (kWh)","hwid":"PowerMeter-0a:01:01:01:01:01","sourcetimestamp":"2018-12-04T23:21:08.0000000Z","value":2693672.5}
{"displayname":"RealEnergyImport (kWh)","hwid":"PowerMeter-0a:01:01:01:01:01","sourcetimestamp":"2018-12-04T23:21:12.0000000Z","value":2693672.5}
{"displayname":"RealEnergyImport (kWh)","hwid":"PowerMeter-0a:01:01:01:01:01","sourcetimestamp":"2018-12-04T23:21:17.0000000Z","value":2693672.5}
{"displayname":"RealEnergyImport (kWh)","hwid":"PowerMeter-0a:01:01:01:01:01","sourcetimestamp":"2018-12-04T23:21:21.0000000Z","value":2693672.5}
{"displayname":"RealEnergyImport (kWh)","hwid":"PowerMeter-0a:01:01:01:01:01","sourcetimestamp":"2018-12-04T23:21:25.0000000Z","value":2693672.5}
{"displayname":"RealEnergyImport (kWh)","hwid":"PowerMeter-0a:01:01:01:01:01","sourcetimestamp":"2018-12-04T23:21:29.0000000Z","value":2693672.5}
{"displayname":"RealEnergyImport (kWh)","hwid":"PowerMeter-0a:01:01:01:01:01","sourcetimestamp":"2018-12-04T23:21:33.0000000Z","value":2693672.5}
{"displayname":"RealEnergyImport (kWh)","hwid":"PowerMeter-0a:01:01:01:01:01","sourcetimestamp":"2018-12-04T23:21:37.0000000Z","value":2693672.5}
{"displayname":"RealEnergyImport (kWh)","hwid":"PowerMeter-0a:01:01:01:01:01","sourcetimestamp":"2018-12-04T23:21:41.0000000Z","value":2693672.5}
{"displayname":"RealEnergyImport (kWh)","hwid":"PowerMeter-0a:01:01:01:01:01","sourcetimestamp":"2018-12-04T23:21:45.0000000Z","value":2693672.5}
{"displayname":"RealEnergyImport (kWh)","hwid":"PowerMeter-0a:01:01:01:01:01","sourcetimestamp":"2018-12-04T23:21:49.0000000Z","value":2693672.5}
{"displayname":"RealEnergyImport (kWh)","hwid":"PowerMeter-0a:01:01:01:01:01","sourcetimestamp":"2018-12-04T23:21:53.0000000Z","value":2693672.5}
{"displayname":"RealEnergyImport (kWh)","hwid":"PowerMeter-0a:01:01:01:01:01","sourcetimestamp":"2018-12-04T23:21:57.0000000Z","value":2693672.5}
{"displayname":"RealEnergyImport (kWh)","hwid":"PowerMeter-0a:01:01:01:01:01","sourcetimestamp":"2018-12-04T23:22:01.0000000Z","value":2693672.5}
{"displayname":"RealEnergyImport (kWh)","hwid":"PowerMeter-0a:01:01:01:01:01","sourcetimestamp":"2018-12-04T23:22:05.0000000Z","value":2693672.5}
{"displayname":"RealEnergyImport (kWh)","hwid":"PowerMeter-0a:01:01:01:01:01","sourcetimestamp":"2018-12-04T23:22:09.0000000Z","value":2693672.5}
{"displayname":"RealEnergyImport (kWh)","hwid":"PowerMeter-0a:01:01:01:01:01","sourcetimestamp":"2018-12-04T23:22:13.0000000Z","value":2693672.5}
{"displayname":"RealEnergyImport (kWh)","hwid":"PowerMeter-0a:01:01:01:01:01","sourcetimestamp":"2018-12-04T23:22:17.0000000Z","value":2693672.5}
{"displayname":"RealEnergyImport (kWh)","hwid":"PowerMeter-0a:01:01:01:01:01","sourcetimestamp":"2018-12-04T23:22:22.0000000Z","value":2693672.5}
{"displayname":"RealEnergyImport (kWh)","hwid":"PowerMeter-0a:01:01:01:01:01","sourcetimestamp":"2018-12-04T23:22:26.0000000Z","value":2693672.5}
{"displayname":"RealEnergyImport (kWh)","hwid":"PowerMeter-0a:01:01:01:01:01","sourcetimestamp":"2018-12-04T23:22:30.0000000Z","value":2693672.5}
{"displayname":"RealEnergyImport (kWh)","hwid":"PowerMeter-0a:01:01:01:01:01","sourcetimestamp":"2018-12-04T23:22:34.0000000Z","value":2693672.5}
{"displayname":"RealEnergyImport (kWh)","hwid":"PowerMeter-0a:01:01:01:01:01","sourcetimestamp":"2018-12-04T23:22:38.0000000Z","value":2693672.5}
{"displayname":"RealEnergyImport (kWh)","hwid":"PowerMeter-0a:01:01:01:01:01","sourcetimestamp":"2018-12-04T23:22:42.0000000Z","value":2693672.5}
{"displayname":"RealEnergyImport (kWh)","hwid":"PowerMeter-0a:01:01:01:01:01","sourcetimestamp":"2018-12-04T23:22:46.0000000Z","value":2693672.5}
{"displayname":"RealEnergyImport (kWh)","hwid":"PowerMeter-0a:01:01:01:01:01","sourcetimestamp":"2018-12-04T23:22:51.0000000Z","value":2693672.5}
{"displayname":"RealEnergyImport (kWh)","hwid":"PowerMeter-0a:01:01:01:01:01","sourcetimestamp":"2018-12-04T23:22:55.0000000Z","value":2693672.5}
{"displayname":"RealEnergyImport (kWh)","hwid":"PowerMeter-0a:01:01:01:01:01","sourcetimestamp":"2018-12-04T23:22:59.0000000Z","value":2693672.5}
{"displayname":"RealEnergyImport (kWh)","hwid":"PowerMeter-0a:01:01:01:01:01","sourcetimestamp":"2018-12-04T23:23:04.0000000Z","value":2693672.5}
{"displayname":"RealEnergyImport (kWh)","hwid":"PowerMeter-0a:01:01:01:01:01","sourcetimestamp":"2018-12-04T23:23:08.0000000Z","value":2693672.5}
{"displayname":"RealEnergyImport (kWh)","hwid":"PowerMeter-0a:01:01:01:01:01","sourcetimestamp":"2018-12-04T23:23:13.0000000Z","value":2693672.5}
{"displayname":"RealEnergyImport (kWh)","hwid":"PowerMeter-0a:01:01:01:01:01","sourcetimestamp":"2018-12-04T23:23:17.0000000Z","value":2693672.5}
{"displayname":"RealEnergyImport (kWh)","hwid":"PowerMeter-0a:01:01:01:01:01","sourcetimestamp":"2018-12-04T23:23:21.0000000Z","value":2693672.5}
{"displayname":"RealEnergyImport (kWh)","hwid":"PowerMeter-0a:01:01:01:01:01","sourcetimestamp":"2018-12-04T23:23:25.0000000Z","value":2693672.5}
{"displayname":"RealEnergyImport (kWh)","hwid":"PowerMeter-0a:01:01:01:01:01","sourcetimestamp":"2018-12-04T23:23:29.0000000Z","value":2693672.5}