{"displayname":"RealEnergyImport (kWh)","hwid":"PowerMeter-0a:01:01:01:01:01","sourcetimestamp":"2018-12-11T12:00:05.0000000Z","value":2694489.5}
{"displayname":"RealEnergyImport (kWh)","hwid":"PowerMeter-0a:01:01:01:01:01","sourcetimestamp":"2018-12-11T12:00:09.0000000Z","value":2694489.5}
{"displayname":"RealEnergyImport (kWh)","hwid":"PowerMeter-0a:01:01:01:01:01","sourcetimestamp":"2018-12-11T12:00:13.0000000Z","value":2694489.5}
{"displayname":"RealEnergyImport (kWh)","hwid":"PowerMeter-0a:01:01:01:01:01","sourcetimestamp":"2018-12-11T12:00:17.0000000Z","value":2694489.5}
{"displayname":"RealEnergyImport (kWh)","hwid":"PowerMeter-0a:01:01:01:01:01","sourcetimestamp":"2018-12-11T12:00:22.0000000Z","value":2694489.5}
{"displayname":"RealEnergyImport (kWh)","hwid":"PowerMeter-0a:01:01:01:01:01","sourcetimestamp":"2018-12-11T12:00:26.0000000Z","value":2694489.5}
{"displayname":"RealEnergyImport (kWh)","hwid":"PowerMeter-0a:01:01:01:01:01","sourcetimestamp":"2018-12-11T12:00:30.0000000Z","value":2694489.5}
{"displayname":"RealEnergyImport (kWh)","hwid":"PowerMeter-0a:01:01:01:01:01","sourcetimestamp":"2018-12-11T12:00:34.0000000Z","value":2694489.5}
{"displayname":"RealEnergyImport (kWh)","hwid":"PowerMeter-0a:01:01:01:01:01","sourcetimestamp":"2018-12-11T12:00:38.0000000Z","value":2694489.5}
{"displayname":"RealEnergyImport (kWh)","hwid":"PowerMeter-0a:01:01:01:01:01","sourcetimestamp":"2018-12-11T12:00:42.0000000Z","value":2694489.5}
{"displayname":"RealEnergyImport (kWh)","hwid":"PowerMeter-0a:01:01:01:01:01","sourcetimestamp":"2018-12-11T12:00:46.0000000Z","value":2694489.5}
{"displayname":"RealEnergyImport (kWh)","hwid":"PowerMeter-0a:01:01:01:01:01","sourcetimestamp":"2018-12-11T12:00:51.0000000Z","value":2694489.5}
{"displayname":"RealEnergyImport (kWh)","hwid":"PowerMeter-0a:01:01:01:01:01","sourcetimestamp":"2018-12-11T12:00:55.0000000Z","value":2694489.5}
{"displayname":"RealEnergyImport (kWh)","hwid":"PowerMeter-0a:01:01:01:01:01","sourcetimestamp":"2018-12-11T12:00:59.0000000Z","value":2694489.5}
{"displayname":"RealEnergyImport (kWh)","hwid":"PowerMeter-0a:01:01:01:01:01","sourcetimestamp":"2018-12-11T12:01:03.0000000Z","value":2694489.5}
{"displayname":"RealEnergyImport (kWh)","hwid":"PowerMeter-0a:01:01:01:01:01","sourcetimestamp":"2018-12-11T12:01:07.0000000Z","value":2694489.5}
{"displayname":"RealEnergyImport (kWh)","hwid":"PowerMeter-0a:01:01:01:01:01","sourcetimestamp":"2018-12-11T12:01:11.0000000Z","value":2694489.5}
{"displayname":"RealEnergyImport (kWh)","hwid":"PowerMeter-0a:01:01:01:01:01","sourcetimestamp":"2018-12-11T12:01:16.0000000Z","value":2694489.5}
{"displayname":"RealEnergyImport (kWh)","hwid":"PowerMeter-0a:01:01:01:01:01","sourcetimestamp":"2018-12-11T12:01:21.0000000Z","value":2694489.5}
{"displayname":"RealEnergyImport (kWh)","hwid":"PowerMeter-0a:01:01:01:01:01","sourcetimestamp":"2018-12-11T12:01:25.0000000Z","value":2694489.5}
{"displayname":"RealEnergyImport (kWh)","hwid":"PowerMeter-0a:01:01:01:01:01","sourcetimestamp":"2018-12-11T12:01:29.0000000Z","value":2694489.5}
{"displayname":"RealEnergyImport (kWh)","hwid":"PowerMeter-0a:01:01:01:01:01","sourcetimestamp":"2018-12-11T12:01:33.0000000Z","value":2694489.5}
{"displayname":"RealEnergyImport (kWh)","hwid":"PowerMeter-0a:01:01:01:01:01","sourcetimestamp":"2018-12-11T12:01:37.0000000Z","value":2694489.5}
{"displayname":"RealEnergyImport (kWh)","hwid":"PowerMeter-0a:01:01:01:01:01","sourcetimestamp":"2018-12-11T12:01:42.0000000Z","value":2694489.5}
{"displayname":"RealEnergyImport (kWh)","hwid":"PowerMeter-0a:01:01:01:01:01","sourcetimestamp":"2018-12-11T12:01:47.0000000Z","value":2694489.5}
{"displayname":"RealEnergyImport (kWh)","hwid":"PowerMeter-0a:01:01:01:01:01","sourcetimestamp":"2018-12-11T12:01:52.0000000Z","value":2694489.5}
{"displayname":"RealEnergyImport (kWh)","hwid":"PowerMeter-0a:01:01:01:01:01","sourcetimestamp":"2018-12-11T12:01:57.0000000Z","value":2694489.5}
{"displayname":"RealEnergyImport (kWh)","hwid":"PowerMeter-0a:01:01:01:01:01","sourcetimestamp":"2018-12-11T12:02:02.0000000Z","value":2694489.5}
{"displayname":"RealEnergyImport (kWh)","hwid":"PowerMeter-0a:01:01:01:01:01","sourcetimestamp":"2018-12-11T12:02:06.0000000Z","value":2694489.5}
{"displayname":"RealEnergyImport (kWh)","hwid":"PowerMeter-0a:01:01:01:01:01","sourcetimestamp":"2018-12-11T12:02:11.0000000Z","value":2694489.5}
{"displayname":"RealEnergyImport (kWh)","hwid":"PowerMeter-0a:01:01:01:01:01","sourcetimestamp":"2018-12-11T12:02:15.0000000Z","value":2694489.5}
{"displayname":"RealEnergyImport (kWh)","hwid":"PowerMeter-0a:01:01:01:01:01","sourcetimestamp":"2018-12-11T12:02:19.0000000Z","value":2694489.5}
{"displayname":"RealEnergyImport (kWh)","hwid":"PowerMeter-0a:01:01:01:01:01","sourcetimestamp":"2018-12-11T12:02:23.0000000Z","value":2694489.5}
{"displayname":"RealEnergyImport (kWh)","hwid":"PowerMeter-0a:01:01:01:01:01","sourcetimestamp":"2018-12-11T12:02:28.0000000Z","value":2694489.5}
{"displayname":"RealEnergyImport (kWh)","hwid":"PowerMeter-0a:01:01:01:01:01","sourcetimestamp":"2018-12-11T12:02:32.0000000Z","value":2694489.5}
{"displayname":"RealEnergyImport (kWh)","hwid":"PowerMeter-0a:01:01:01:01:01","sourcetimestamp":"2018-12-11T12:02:36.0000000Z","value":2694489.5}
{"displayname":"RealEnergyImport (kWh)","hwid":"PowerMeter-0a:01:01:01:01:01","sourcetimestamp":"2018-12-11T12:02:40.0000000Z","value":2694489.5}
{"displayname":"RealEnergyImport (kWh)","hwid":"PowerMeter-0a:01:01:01:01:01","sourcetimestamp":"2018-12-11T12:02:44.0000000Z","value":2694489.5}
{"displayname":"RealEnergyImport (kWh)","hwid":"PowerMeter-0a:01:01:01:01:01","sourcetimestamp":"2018-12-11T12:02:49.0000000Z","value":2694489.5}
{"displayname":"RealEnergyImport (kWh)","hwid":"PowerMeter-0a:01:01:01:01:01","sourcetimestamp":"2018-12-11T12:02:53.0000000Z","value":2694489.5}
{"displayname":"RealEnergyImport (kWh)","hwid":"PowerMeter-0a:01:01:01:01:01","sourcetimestamp":"2018-12-11T12:02:57.0000000Z","value":2694489.5}
{"displayname":"RealEnergyImport (kWh)","hwid":"PowerMeter-0a:01:01:01:01:01","sourcetimestamp":"2018-12-11T12:03:01.0000000Z","value":2694489.5}
{"displayname":"RealEnergyImport (kWh)","hwid":"PowerMeter-0a:01:01:01:01:01","sourcetimestamp":"2018-12-11T12:03:05.0000000Z","value":2694489.5}
{"displayname":"RealEnergyImport (kWh)","hwid":"PowerMeter-0a:01:01:01:01:01","sourcetimestamp":"2018-12-11T12:03:10.0000000Z","value":2694489.5}
{"displayname":"RealEnergyImport (kWh)","hwid":"PowerMeter-0a:01:01:01:01:01","sourcetimestamp":"2018-12-11T12:03:15.0000000Z","value":2694489.5}
{"displayname":"RealEnergyImport (kWh)","hwid":"PowerMeter-0a:01:01:01:01:01","sourcetimestamp":"2018-12-11T12:03:20.0000000Z","value":2694489.5}
{"displayname":"RealEnergyImport (kWh)","hwid":"PowerMeter-0a:01:01:01:01:01","sourcetimestamp":"2018-12-11T12:03:24.0000000Z","value":2694489.5}
{"displayname":"RealEnergyImport (kWh)","hwid":"PowerMeter-0a:01:01:01:01:01","sourcetimestamp":"2018-12-11T12:03:28.0000000Z","value":2694489.5}
{"displayname":"RealEnergyImport (kWh)","hwid":"PowerMeter-0a:01:01:01:01:01","sourcetimestamp":"2018-12-11T12:03:32.0000000Z","value":2694489.5}
{"displayname":"RealEnergyImport (kWh)","hwid":"PowerMeter-0a:01:01:01:01:01","sourcetimestamp":"2018-12-11T12:03:37.0000000Z","value":2694489.5}
{"displayname":"RealEnergyImport (kWh)","hwid":"PowerMeter-0a:01:01:01:01:01","sourcetimestamp":"2018-12-11T12:03:41.0000000Z","value":2694489.5}
{"displayname":"RealEnergyImport (kWh)","hwid":"PowerMeter-0a:01:01:01:01:01","sourcetimestamp":"2018-12-11T12:03:46.0000000Z","value":2694489.5}
{"displayname":"RealEnergyImport (kWh)","hwid":"PowerMeter-0a:01:01:01:01:01","sourcetimestamp":"2018-12-11T12:03:50.0000000Z","value":2694489.5}
{"displayname":"RealEnergyImport (kWh)","hwid":"PowerMeter-0a:01:01:01:01:01","sourcetimestamp":"2018-12-11T12:03:54.0000000Z","value":2694489.5}
{"displayname":"RealEnergyImport (kWh)","hwid":"PowerMeter-0a:01:01:01:01:01","sourcetimestamp":"2018-12-11T12:03:58.0000000Z","value":2694489.5}
{"displayname":"RealEnergyImport (kWh)","hwid":"PowerMeter-0a:01:01:01:01:01","sourcetimestamp":"2018-12-11T12:04:03.0000000Z","value":2694489.5}
{"displayname":"RealEnergyImport (kWh)","hwid":"PowerMeter-0a:01:01:01:01:01","sourcetimestamp":"2018-12-11T12:04:07.0000000Z","value":2694489.5}
{"displayname":"RealEnergyImport (kWh)","hwid":"PowerMeter-0a:01:01:01:01:01","sourcetimestamp":"2018-12-11T12:04:11.0000000Z","value":2694489.5}
{"displayname":"RealEnergyImport (kWh)","hwid":"PowerMeter-0a:01:01:01:01:01","sourcetimestamp":"2018-12-11T12:04:15.0000000Z","value":2694489.5}
{"displayname":"RealEnergyImport (kWh)","hwid":"PowerMeter-0a:01:01:01:01:01","sourcetimestamp":"2018-12-11T12:04:19.0000000Z","value":2694489.5}
{"displayname":"RealEnergyImport (kWh)","hwid":"PowerMeter-0a:01:01:01:01:01","sourcetimestamp":"2018-12-11T12:04:23.0000000Z","value":2694489.5}
{"displayname":"RealEnergyImport (kWh)","hwid":"PowerMeter-0a:01:01:01:01:01","sourcetimestamp":"2018-12-11T12:04:28.0000000Z","value":2694489.5}
{"displayname":"RealEnergyImport (kWh)","hwid":"PowerMeter-0a:01:01:01:01:01","sourcetimestamp":"2018-12-11T12:04:32.0000000Z","value":2694489.5}
{"displayname":"RealEnergyImport (kWh)","hwid":"PowerMeter-0a:01:01:01:01:01","sourcetimestamp":"2018-12-11T12:04:36.0000000Z","value":2694489.5}
{"displayname":"RealEnergyImport (kWh)","hwid":"PowerMeter-0a:01:01:01:01:01","sourcetimestamp":"2018-12-11T12:04:40.0000000Z","value":2694489.5}
{"displayname":"RealEnergyImport (kWh)","hwid":"PowerMeter-0a:01:01:01:01:01","sourcetimestamp":"2018-12-11T12:04:44.0000000Z","value":2694489.5}
{"displayname":"RealEnergyImport (kWh)","hwid":"PowerMeter-0a:01:01:01:01:01","sourcetimestamp":"2018-12-11T12:04:48.0000000Z","value":2694489.5}
{"displayname":"RealEnergyImport (kWh)","hwid":"PowerMeter-0a:01:01:01:01:01","sourcetimestamp":"2018-12-11T12:04:53.0000000Z","value":2694489.5}
{"displayname":"RealEnergyImport (kWh)","hwid":"PowerMeter-0a:01:01:01:01:01","sourcetimestamp":"2018-12-11T12:04:57.0000000Z","value":2694489.5}
{"displayname":"RealEnergyImport (kWh)","hwid":"PowerMeter-0a:01:01:01:01:01","sourcetimestamp":"2018-12-11T12:05:01.0000000Z","value":2694489.5}
{"displayname":"RealEnergyImport (kWh)","hwid":"PowerMeter-0a:01:01:01:01:01","sourcetimestamp":"2018-12-11T12:05:05.0000000Z","value":2694489.5}
{"displayname":"RealEnergyImport (kWh)","hwid":"PowerMeter-0a:01:01:01:01:01","sourcetimestamp":"2018-12-11T12:05:09.0000000Z","value":2694489.5}
{"displayname":"RealEnergyImport (kWh)","hwid":"PowerMeter-0a:01:01:01:01:01","sourcetimestamp":"2018-12-11T12:05:14.0000000Z","value":2694489.5}
{"displayname":"RealEnergyImport (kWh)","hwid":"PowerMeter-0a:01:01:01:01:01","sourcetimestamp":"2018-12-11T12:05:18.0000000Z","value":2694489.5}
{"displayname":"RealEnergyImport (kWh)","hwid":"PowerMeter-0a:01:01:01:01:01","sourcetimestamp":"2018-12-11T12:05:22.0000000Z","value":2694489.5}
{"displayname":"RealEnergyImport (kWh)","hwid":"PowerMeter-0a:01:01:01:01:01","sourcetimestamp":"2018-12-11T12:05:26.0000000Z","value":2694489.5}
{"displayname":"RealEnergyImport (kWh)","hwid":"PowerMeter-0a:01:01:01:01:01","sourcetimestamp":"2018-12-11T12:05:32.0000000Z","value":2694489.5}
{"displayname":"RealEnergyImport (kWh)","hwid":"PowerMeter-0a:01:01:01:01:01","sourcetimestamp":"2018-12-11T12:05:37.0000000Z","value":2694489.5}
{"displayname":"RealEnergyImport (kWh)","hwid":"PowerMeter-0a:01:01:01:01:01","sourcetimestamp":"2018-12-11T12:05:41.0000000Z","value":2694489.5}
{"displayname":"RealEnergyImport (kWh)","hwid":"PowerMeter-0a:01:01:01:01:01","sourcetimestamp":"2018-12-11T12:05:46.0000000Z","value":2694489.5}
{"displayname":"RealEnergyImport (kWh)","hwid":"PowerMeter-0a:01:01:01:01:01","sourcetimestamp":"2018-12-11T12:05:50.0000000Z","value":2694489.5}
{"displayname":"RealEnergyImport (kWh)","hwid":"PowerMeter-0a:01:01:01:01:01","sourcetimestamp":"2018-12-11T12:05:54.0000000Z","value":2694489.5}
{"displayname":"RealEnergyImport (kWh)","hwid":"PowerMeter-0a:01:01:01:01:01","sourcetimestamp":"2018-12-11T12:05:58.0000000Z","value":2694489.5}
{"displayname":"RealEnergyImport (kWh)","hwid":"PowerMeter-0a:01:01:01:01:01","sourcetimestamp":"2018-12-11T12:06:02.0000000Z","value":2694489.5}
{"displayname":"RealEnergyImport (kWh)","hwid":"PowerMeter-0a:01:01:01:01:01","sourcetimestamp":"2018-12-11T12:06:06.0000000Z","value":2694489.5}
{"displayname":"RealEnergyImport (kWh)","hwid":"PowerMeter-0a:01:01:01:01:01","sourcetimestamp":"2018-12-11T12:06:11.0000000Z","value":2694489.5}
{"displayname":"RealEnergyImport (kWh)","hwid":"PowerMeter-0a:01:01:01:01:01","sourcetimestamp":"2018-12-11T12:06:15.0000000Z","value":2694489.5}
{"displayname":"RealEnergyImport (kWh)","hwid":"PowerMeter-0a:01:01:01:01:01","sourcetimestamp":"2018-12-11T12:06:19.0000000Z","value":2694489.5}
{"displayname":"RealEnergyImport (kWh)","hwid":"PowerMeter-0a:01:01:01:01:01","sourcetimestamp":"2018-12-11T12:06:23.0000000Z","value":2694489.5}
{"displayname":"RealEnergyImport (kWh)","hwid":"PowerMeter-0a:01:01:01:01:01","sourcetimestamp":"2018-12-11T12:06:27.0000000Z","value":2694489.5}
{"displayname":"RealEnergyImport (kWh)","hwid":"PowerMeter-0a:01:01:01:01:01","sourcetimestamp":"2018-12-11T12:06:31.0000000Z","value":2694489.5}
{"displayname":"RealEnergyImport (kWh)","hwid":"PowerMeter-0a:01:01:01:01:01","sourcetimestamp":"2018-12-11T12:06:35.0000000Z","value":2694489.5}
{"displayname":"RealEnergyImport (kWh)","hwid":"PowerMeter-0a:01:01:01:01:01","sourcetimestamp":"2018-12-11T12:06:40.0000000Z","value":2694489.5}
{"displayname":"RealEnergyImport (kWh)","hwid":"PowerMeter-0a:01:01:01:01:01","sourcetimestamp":"2018-12-11T12:06:44.0000000Z","value":2694489.5}
{"displayname":"RealEnergyImport (kWh)","hwid":"PowerMeter-0a:01:01:01:01:01","sourcetimestamp":"2018-12-11T12:06:48.0000000Z","value":2694489.5}
{"displayname":"RealEnergyImport (kWh)","hwid":"PowerMeter-0a:01:01:01:01:01","sourcetimestamp":"2018-12-11T12:06:52.0000000Z","value":2694489.5}
{"displayname":"RealEnergyImport (kWh)","hwid":"PowerMeter-0a:01:01:01:01:01","sourcetimestamp":"2018-12-11T12:06:56.0000000Z","value":2694489.5}
{"displayname":"RealEnergyImport (kWh)","hwid":"PowerMeter-0a:01:01:01:01:01","sourcetimestamp":"2018-12-11T12:07:00.0000000Z","value":2694489.5}
{"displayname":"RealEnergyImport (kWh)","hwid":"PowerMeter-0a:01:01:01:01:01","sourcetimestamp":"2018-12-11T12:07:05.0000000Z","value":2694489.5}
{"displayname":"RealEnergyImport (kWh)","hwid":"PowerMeter-0a:01:01:01:01:01","sourcetimestamp":"2018-12-11T12:07:09.0000000Z","value":2694489.5}
{"displayname":"RealEnergyImport (kWh)","hwid":"PowerMeter-0a:01:01:01:01:01","sourcetimestamp":"2018-12-11T12:07:13.0000000Z","value":2694489.5}
{"displayname":"RealEnergyImport (kWh)","hwid":"PowerMeter-0a:01:01:01:01:01","sourcetimestamp":"2018-12-11T12:07:17.0000000Z","value":2694489.5}
{"displayname":"RealEnergyImport (kWh)","hwid":"PowerMeter-0a:01:01:01:01:01","sourcetimestamp":"2018-12-11T12:07:21.0000000Z","value":2694489.5}
{"displayname":"RealEnergyImport (kWh)","hwid":"PowerMeter-0a:01:01:01:01:01","sourcetimestamp":"2018-12-11T12:07:25.0000000Z","value":2694489.5}
{"displayname":"RealEnergyImport (kWh)","hwid":"PowerMeter-0a:01:01:01:01:01","sourcetimestamp":"2018-12-11T12:07:30.0000000Z","value":2694489.5}
{"displayname":"RealEnergyImport (kWh)","hwid":"PowerMeter-0a:01:01:01:01:01","sourcetimestamp":"2018-12-11T12:07:34.0000000Z","value":2694489.5}
{"displayname":"RealEnergyImport (kWh)","hwid":"PowerMeter-0a:01:01:01:01:01","sourcetimestamp":"2018-12-11T12:07:38.0000000Z","value":2694489.5}
{"displayname":"RealEnergyImport (kWh)","hwid":"PowerMeter-0a:01:01:01:01:01","sourcetimestamp":"2018-12-11T12:07:43.0000000Z","value":2694489.5}
{"displayname":"RealEnergyImport (kWh)","hwid":"PowerMeter-0a:01:01:01:01:01","sourcetimestamp":"2018-12-11T12:07:47.0000000Z","value":2694489.5}
{"displayname":"RealEnergyImport (kWh)","hwid":"PowerMeter-0a:01:01:01:01:01","sourcetimestamp":"2018-12-11T12:07:52.0000000Z","value":2694489.5}
{"displayname":"RealEnergyImport (kWh)","hwid":"PowerMeter-0a:01:01:01:01:01","sourcetimestamp":"2018-12-11T12:07:56.0000000Z","value":2694489.5}
{"displayname":"RealEnergyImport (kWh)","hwid":"PowerMeter-0a:01:01:01:01:01","sourcetimestamp":"2018-12-11T12:08:00.0000000Z","value":2694489.5}
{"displayname":"RealEnergyImport (kWh)","hwid":"PowerMeter-0a:01:01:01:01:01","sourcetimestamp":"2018-12-11T12:08:04.0000000Z","value":2694489.5}
{"displayname":"RealEnergyImport (kWh)","hwid":"PowerMeter-0a:01:01:01:01:01","sourcetimestamp":"2018-12-11T12:08:08.0000000Z","value":2694489.5}
{"displayname":"RealEnergyImport (kWh)","hwid":"PowerMeter-0a:01:01:01:01:01","sourcetimestamp":"2018-12-11T12:08:12.0000000Z","value":2694489.5}
{"displayname":"RealEnergyImport (kWh)","hwid":"PowerMeter-0a:01:01:01:01:01","sourcetimestamp":"2018-12-11T12:08:17.0000000Z","value":2694489.5}
{"displayname":"RealEnergyImport (kWh)","hwid":"PowerMeter-0a:01:01:01:01:01","sourcetimestamp":"2018-12-11T12:08:21.0000000Z","value":2694489.5}
{"displayname":"RealEnergyImport (kWh)","hwid":"PowerMeter-0a:01:01:01:01:01","sourcetimestamp":"2018-12-11T12:08:25.0000000Z","value":2694489.5}
{"displayname":"RealEnergyImport (kWh)","hwid":"PowerMeter-0a:01:01:01:01:01","sourcetimestamp":"2018-12-11T12:08:29.0000000Z","value":2694489.5}
{"displayname":"RealEnergyImport (kWh)","hwid":"PowerMeter-0a:01:01:01:01:01","sourcetimestamp":"2018-12-11T12:08:33.0000000Z","value":2694489.5}
{"displayname":"RealEnergyImport (kWh)","hwid":"PowerMeter-0a:01:01:01:01:01","sourcetimestamp":"2018-12-11T12:08:37.0000000Z","value":2694489.5}
{"displayname":"RealEnergyImport (kWh)","hwid":"PowerMeter-0a:01:01:01:01:01","sourcetimestamp":"2018-12-11T12:08:41.0000000Z","value":2694489.5}
{"displayname":"RealEnergyImport (kWh)","hwid":"PowerMeter-0a:01:01:01:01:01","sourcetimestamp":"2018-12-11T12:08:46.0000000Z","value":2694489.5}
{"displayname":"RealEnergyImport (kWh)","hwid":"PowerMeter-0a:01:01:01:01:01","sourcetimestamp":"2018-12-11T12:08:50.0000000Z","value":2694489.5}
{"displayname":"RealEnergyImport (kWh)","hwid":"PowerMeter-0a:01:01:01:01:01","sourcetimestamp":"2018-12-11T12:08:54.0000000Z","value":2694489.5}
{"displayname":"RealEnergyImport (kWh)","hwid":"PowerMeter-0a:01:01:01:01:01","sourcetimestamp":"2018-12-11T12:08:58.0000000Z","value":2694489.5}
{"displayname":"RealEnergyImport (kWh)","hwid":"PowerMeter-0a:01:01:01:01:01","sourcetimestamp":"2018-12-11T12:09:02.0000000Z","value":2694489.5}
{"displayname":"RealEnergyImport (kWh)","hwid":"PowerMeter-0a:01:01:01:01:01","sourcetimestamp":"2018-12-11T12:09:07.0000000Z","value":2694489.5}
{"displayname":"RealEnergyImport (kWh)","hwid":"PowerMeter-0a:01:01:01:01:01","sourcetimestamp":"2018-12-11T12:09:11.0000000Z","value":2694489.5}
{"displayname":"RealEnergyImport (kWh)","hwid":"PowerMeter-0a:01:01:01:01:01","sourcetimestamp":"2018-12-11T12:09:15.0000000Z","value":2694489.5}
{"displayname":"RealEnergyImport (kWh)","hwid":"PowerMeter-0a:01:01:01:01:01","sourcetimestamp":"2018-12-11T12:09:19.0000000Z","value":2694489.5}
{"displayname":"RealEnergyImport (kWh)","hwid":"PowerMeter-0a:01:01:01:01:01","sourcetimestamp":"2018-12-11T12:09:23.0000000Z","value":2694489.5}
{"displayname":"RealEnergyImport (kWh)","hwid":"PowerMeter-0a:01:01:01:01:01","sourcetimestamp":"2018-12-11T12:09:27.0000000Z","value":2694489.5}
{"displayname":"RealEnergyImport (kWh)","hwid":"PowerMeter-0a:01:01:01:01:01","sourcetimestamp":"2018-12-11T12:09:32.0000000Z","value":2694489.5}
{"displayname":"RealEnergyImport (kWh)","hwid":"PowerMeter-0a:01:01:01:01:01","sourcetimestamp":"2018-12-11T12:09:36.0000000Z","value":2694489.5}
{"displayname":"RealEnergyImport (kWh)","hwid":"PowerMeter-0a:01:01:01:01:01","sourcetimestamp":"2018-12-11T12:09:40.0000000Z","value":2694489.5}
{"displayname":"RealEnergyImport (kWh)","hwid":"PowerMeter-0a:01:01:01:01:01","sourcetimestamp":"2018-12-11T12:09:44.0000000Z","value":2694489.5}
{"displayname":"RealEnergyImport (kWh)","hwid":"PowerMeter-0a:01:01:01:01:01","sourcetimestamp":"2018-12-11T12:09:48.0000000Z","value":2694489.5}
{"displayname":"RealEnergyImport (kWh)","hwid":"PowerMeter-0a:01:01:01:01:01","sourcetimestamp":"2018-12-11T12:09:53.0000000Z","value":2694489.5}
{"displayname":"RealEnergyImport (kWh)","hwid":"PowerMeter-0a:01:01:01:01:01","sourcetimestamp":"2018-12-11T12:09:57.0000000Z","value":2694489.5}
{"displayname":"RealEnergyImport (kWh)","hwid":"PowerMeter-0a:01:01:01:01:01","sourcetimestamp":"2018-12-11T12:10:01.0000000Z","value":280.09957885742187}
{"displayname":"RealEnergyImport (kWh)","hwid":"PowerMeter-0a:01:01:01:01:01","sourcetimestamp":"2018-12-11T12:10:05.0000000Z","value":2694489.5}
{"displayname":"RealEnergyImport (kWh)","hwid":"PowerMeter-0a:01:01:01:01:01","sourcetimestamp":"2018-12-11T12:10:09.0000000Z","value":2694489.5}
{"displayname":"RealEnergyImport (kWh)","hwid":"PowerMeter-0a:01:01:01:01:01","sourcetimestamp":"2018-12-11T12:10:14.0000000Z","value":2694489.5}
{"displayname":"RealEnergyImport (kWh)","hwid":"PowerMeter-0a:01:01:01:01:01","sourcetimestamp":"2018-12-11T12:10:18.0000000Z","value":2694489.5}
{"displayname":"RealEnergyImport (kWh)","hwid":"PowerMeter-0a:01:01:01:01:01","sourcetimestamp":"2018-12-11T12:10:22.0000000Z","value":2694489.5}
{"displayname":"RealEnergyImport (kWh)","hwid":"PowerMeter-0a:01:01:01:01:01","sourcetimestamp":"2018-12-11T12:10:26.0000000Z","value":2694489.5}
{"displayname":"RealEnergyImport (kWh)","hwid":"PowerMeter-0a:01:01:01:01:01","sourcetimestamp":"2018-12-11T12:10:30.0000000Z","value":2694489.5}
{"displayname":"RealEnergyImport (kWh)","hwid":"PowerMeter-0a:01:01:01:01:01","sourcetimestamp":"2018-12-11T12:10:34.0000000Z","value":2694489.5}
{"displayname":"RealEnergyImport (kWh)","hwid":"PowerMeter-0a:01:01:01:01:01","sourcetimestamp":"2018-12-11T12:10:38.0000000Z","value":2694489.5}
{"displayname":"RealEnergyImport (kWh)","hwid":"PowerMeter-0a:01:01:01:01:01","sourcetimestamp":"2018-12-11T12:10:43.0000000Z","value":2694489.5}
{"displayname":"RealEnergyImport (kWh)","hwid":"PowerMeter-0a:01:01:01:01:01","sourcetimestamp":"2018-12-11T12:10:47.0000000Z","value":2694489.5}
{"displayname":"RealEnergyImport (kWh)","hwid":"PowerMeter-0a:01:01:01:01:01","sourcetimestamp":"2018-12-11T12:10:52.0000000Z","value":2694489.5}
{"displayname":"RealEnergyImport (kWh)","hwid":"PowerMeter-0a:01:01:01:01:01","sourcetimestamp":"2018-12-11T12:10:56.0000000Z","value":2694489.5}
{"displayname":"RealEnergyImport (kWh)","hwid":"PowerMeter-0a:01:01:01:01:01","sourcetimestamp":"2018-12-11T12:11:00.0000000Z","value":2694489.5}
{"displayname":"RealEnergyImport (kWh)","hwid":"PowerMeter-0a:01:01:01:01:01","sourcetimestamp":"2018-12-11T12:11:04.0000000Z","value":2694489.5}
{"displayname":"RealEnergyImport (kWh)","hwid":"PowerMeter-0a:01:01:01:01:01","sourcetimestamp":"2018-12-11T12:11:09.0000000Z","value":2694489.5}
{"displayname":"RealEnergyImport (kWh)","hwid":"PowerMeter-0a:01:01:01:01:01","sourcetimestamp":"2018-12-11T12:11:13.0000000Z","value":2694489.5}
{"displayname":"RealEnergyImport (kWh)","hwid":"PowerMeter-0a:01:01:01:01:01","sourcetimestamp":"2018-12-11T12:11:17.0000000Z","value":2694489.5}
{"displayname":"RealEnergyImport (kWh)","hwid":"PowerMeter-0a:01:01:01:01:01","sourcetimestamp":"2018-12-11T12:11:21.0000000Z","value":2694489.5}
{"displayname":"RealEnergyImport (kWh)","hwid":"PowerMeter-0a:01:01:01:01:01","sourcetimestamp":"2018-12-11T12:11:25.0000000Z","value":2694489.5}
{"displayname":"RealEnergyImport (kWh)","hwid":"PowerMeter-0a:01:01:01:01:01","sourcetimestamp":"2018-12-11T12:11:29.0000000Z","value":2694489.5}
{"displayname":"RealEnergyImport (kWh)","hwid":"PowerMeter-0a:01:01:01:01:01","sourcetimestamp":"2018-12-11T12:11:34.0000000Z","value":2694489.5}
{"displayname":"RealEnergyImport (kWh)","hwid":"PowerMeter-0a:01:01:01:01:01","sourcetimestamp":"2018-12-11T12:11:38.0000000Z","value":2694489.5}
{"displayname":"RealEnergyImport (kWh)","hwid":"PowerMeter-0a:01:01:01:01:01","sourcetimestamp":"2018-12-11T12:11:42.0000000Z","value":2694489.5}
{"displayname":"RealEnergyImport (kWh)","hwid":"PowerMeter-0a:01:01:01:01:01","sourcetimestamp":"2018-12-11T12:11:46.0000000Z","value":2694489.5}
{"displayname":"RealEnergyImport (kWh)","hwid":"PowerMeter-0a:01:01:01:01:01","sourcetimestamp":"2018-12-11T12:11:50.0000000Z","value":2694489.5}
{"displayname":"RealEnergyImport (kWh)","hwid":"PowerMeter-0a:01:01:01:01:01","sourcetimestamp":"2018-12-11T12:11:54.0000000Z","value":2694489.5}
{"displayname":"RealEnergyImport (kWh)","hwid":"PowerMeter-0a:01:01:01:01:01","sourcetimestamp":"2018-12-11T12:11:59.0000000Z","value":2694489.5}
{"displayname":"RealEnergyImport (kWh)","hwid":"PowerMeter-0a:01:01:01:01:01","sourcetimestamp":"2018-12-11T12:12:04.0000000Z","value":2694489.5}
{"displayname":"RealEnergyImport (kWh)","hwid":"PowerMeter-0a:01:01:01:01:01","sourcetimestamp":"2018-12-11T12:12:08.0000000Z","value":2694489.5}
{"displayname":"RealEnergyImport (kWh)","hwid":"PowerMeter-0a:01:01:01:01:01","sourcetimestamp":"2018-12-11T12:12:12.0000000Z","value":2694489.5}
{"displayname":"RealEnergyImport (kWh)","hwid":"PowerMeter-0a:01:01:01:01:01","sourcetimestamp":"2018-12-11T12:12:17.0000000Z","value":2694489.5}
{"displayname":"RealEnergyImport (kWh)","hwid":"PowerMeter-0a:01:01:01:01:01","sourcetimestamp":"2018-12-11T12:12:22.0000000Z","value":2694489.5}
{"displayname":"RealEnergyImport (kWh)","hwid":"PowerMeter-0a:01:01:01:01:01","sourcetimestamp":"2018-12-11T12:12:27.0000000Z","value":2694489.5}
{"displayname":"RealEnergyImport (kWh)","hwid":"PowerMeter-0a:01:01:01:01:01","sourcetimestamp":"2018-12-11T12:12:31.0000000Z","value":2694489.5}
{"displayname":"RealEnergyImport (kWh)","hwid":"PowerMeter-0a:01:01:01:01:01","sourcetimestamp":"2018-12-11T12:12:35.0000000Z","value":2694489.5}
{"displayname":"RealEnergyImport (kWh)","hwid":"PowerMeter-0a:01:01:01:01:01","sourcetimestamp":"2018-12-11T12:12:39.0000000Z","value":2694489.5}
{"displayname":"RealEnergyImport (kWh)","hwid":"PowerMeter-0a:01:01:01:01:01","sourcetimestamp":"2018-12-11T12:12:44.0000000Z","value":2694489.5}
{"displayname":"RealEnergyImport (kWh)","hwid":"PowerMeter-0a:01:01:01:01:01","sourcetimestamp":"2018-12-11T12:12:48.0000000Z","value":2694489.5}
{"displayname":"RealEnergyImport (kWh)","hwid":"PowerMeter-0a:01:01:01:01:01","sourcetimestamp":"2018-12-11T12:12:52.0000000Z","value":2694489.5}
{"displayname":"RealEnergyImport (kWh)","hwid":"PowerMeter-0a:01:01:01:01:01","sourcetimestamp":"2018-12-11T12:12:59.0000000Z","value":2694489.5}
{"displayname":"RealEnergyImport (kWh)","hwid":"PowerMeter-0a:01:01:01:01:01","sourcetimestamp":"2018-12-11T12:13:03.0000000Z","value":2694489.5}
{"displayname":"RealEnergyImport (kWh)","hwid":"PowerMeter-0a:01:01:01:01:01","sourcetimestamp":"2018-12-11T12:13:08.0000000Z","value":2694489.5}
{"displayname":"RealEnergyImport (kWh)","hwid":"PowerMeter-0a:01:01:01:01:01","sourcetimestamp":"2018-12-11T12:13:13.0000000Z","value":2694489.5}
{"displayname":"RealEnergyImport (kWh)","hwid":"PowerMeter-0a:01:01:01:01:01","sourcetimestamp":"2018-12-11T12:13:17.0000000Z","value":2694489.5}
{"displayname":"RealEnergyImport (kWh)","hwid":"PowerMeter-0a:01:01:01:01:01","sourcetimestamp":"2018-12-11T12:13:21.0000000Z","value":2694489.5}
{"displayname":"RealEnergyImport (kWh)","hwid":"PowerMeter-0a:01:01:01:01:01","sourcetimestamp":"2018-12-11T12:13:26.0000000Z","value":2694489.5}
{"displayname":"RealEnergyImport (kWh)","hwid":"PowerMeter-0a:01:01:01:01:01","sourcetimestamp":"2018-12-11T12:13:30.0000000Z","value":2694489.5}
{"displayname":"RealEnergyImport (kWh)","hwid":"PowerMeter-0a:01:01:01:01:01","sourcetimestamp":"2018-12-11T12:13:34.0000000Z","value":2694489.5}
{"displayname":"RealEnergyImport (kWh)","hwid":"PowerMeter-0a:01:01:01:01:01","sourcetimestamp":"2018-12-11T12:13:38.0000000Z","value":2694489.5}
{"displayname":"RealEnergyImport (kWh)","hwid":"PowerMeter-0a:01:01:01:01:01","sourcetimestamp":"2018-12-11T12:13:42.0000000Z","value":2694489.5}
{"displayname":"RealEnergyImport (kWh)","hwid":"PowerMeter-0a:01:01:01:01:01","sourcetimestamp":"2018-12-11T12:13:46.0000000Z","value":2694489.5}
{"displayname":"RealEnergyImport (kWh)","hwid":"PowerMeter-0a:01:01:01:01:01","sourcetimestamp":"2018-12-11T12:13:50.0000000Z","value":2694489.5}
{"displayname":"RealEnergyImport (kWh)","hwid":"PowerMeter-0a:01:01:01:01:01","sourcetimestamp":"2018-12-11T12:13:55.0000000Z","value":2694489.5}
{"displayname":"RealEnergyImport (kWh)","hwid":"PowerMeter-0a:01:01:01:01:01","sourcetimestamp":"2018-12-11T12:14:00.0000000Z","value":2694489.5}
{"displayname":"RealEnergyImport (kWh)","hwid":"PowerMeter-0a:01:01:01:01:01","sourcetimestamp":"2018-12-11T12:14:04.0000000Z","value":2694489.5}
{"displayname":"RealEnergyImport (kWh)","hwid":"PowerMeter-0a:01:01:01:01:01","sourcetimestamp":"2018-12-11T12:14:08.0000000Z","value":2694489.5}
{"displayname":"RealEnergyImport (kWh)","hwid":"PowerMeter-0a:01:01:01:01:01","sourcetimestamp":"2018-12-11T12:14:12.0000000Z","value":2694489.5}
{"displayname":"RealEnergyImport (kWh)","hwid":"PowerMeter-0a:01:01:01:01:01","sourcetimestamp":"2018-12-11T12:14:16.0000000Z","value":2694489.5}
{"displayname":"RealEnergyImport (kWh)","hwid":"PowerMeter-0a:01:01:01:01:01","sourcetimestamp":"2018-12-11T12:14:21.0000000Z","value":2694489.5}
{"displayname":"RealEnergyImport (kWh)","hwid":"PowerMeter-0a:01:01:01:01:01","sourcetimestamp":"2018-12-11T12:14:25.0000000Z","value":2694489.5}
{"displayname":"RealEnergyImport (kWh)","hwid":"PowerMeter-0a:01:01:01:01:01","sourcetimestamp":"2018-12-11T12:14:29.0000000Z","value":2694489.5}
{"displayname":"RealEnergyImport (kWh)","hwid":"PowerMeter-0a:01:01:01:01:01","sourcetimestamp":"2018-12-11T12:14:34.0000000Z","value":2694489.5}
{"displayname":"RealEnergyImport (kWh)","hwid":"PowerMeter-0a:01:01:01:01:01","sourcetimestamp":"2018-12-11T12:14:40.0000000Z","value":2694489.5}
{"displayname":"RealEnergyImport (kWh)","hwid":"PowerMeter-0a:01:01:01:01:01","sourcetimestamp":"2018-12-11T12:14:44.0000000Z","value":2694489.5}
{"displayname":"RealEnergyImport (kWh)","hwid":"PowerMeter-0a:01:01:01:01:01","sourcetimestamp":"2018-12-11T12:14:48.0000000Z","value":2694489.5}
{"displayname":"RealEnergyImport (kWh)","hwid":"PowerMeter-0a:01:01:01:01:01","sourcetimestamp":"2018-12-11T12:14:52.0000000Z","value":2694489.5}
{"displayname":"RealEnergyImport (kWh)","hwid":"PowerMeter-0a:01:01:01:01:01","sourcetimestamp":"2018-12-11T12:14:57.0000000Z","value":2694489.5}
{"displayname":"RealEnergyImport (kWh)","hwid":"PowerMeter-0a:01:01:01:01:01","sourcetimestamp":"2018-12-11T12:15:01.0000000Z","value":2694489.5}
{"displayname":"RealEnergyImport (kWh)","hwid":"PowerMeter-0a:01:01:01:01:01","sourcetimestamp":"2018-12-11T12:15:05.0000000Z","value":2694489.5}
{"displayname":"RealEnergyImport (kWh)","hwid":"PowerMeter-0a:01:01:01:01:01","sourcetimestamp":"2018-12-11T12:15:09.0000000Z","value":2694489.5}
{"displayname":"RealEnergyImport (kWh)","hwid":"PowerMeter-0a:01:01:01:01:01","sourcetimestamp":"2018-12-11T12:15:13.0000000Z","value":2694489.5}
{"displayname":"RealEnergyImport (kWh)","hwid":"PowerMeter-0a:01:01:01:01:01","sourcetimestamp":"2018-12-11T12:15:18.0000000Z","value":2694489.5}
{"displayname":"RealEnergyImport (kWh)","hwid":"PowerMeter-0a:01:01:01:01:01","sourcetimestamp":"2018-12-11T12:15:22.0000000Z","value":2694489.5}
{"displayname":"RealEnergyImport (kWh)","hwid":"PowerMeter-0a:01:01:01:01:01","sourcetimestamp":"2018-12-11T12:15:26.0000000Z","value":2694489.5}
{"displayname":"RealEnergyImport (kWh)","hwid":"PowerMeter-0a:01:01:01:01:01","sourcetimestamp":"2018-12-11T12:15:30.0000000Z","value":2694489.5}
{"displayname":"RealEnergyImport (kWh)","hwid":"PowerMeter-0a:01:01:01:01:01","sourcetimestamp":"2018-12-11T12:15:34.0000000Z","value":2694489.5}
{"displayname":"RealEnergyImport (kWh)","hwid":"PowerMeter-0a:01:01:01:01:01","sourcetimestamp":"2018-12-11T12:15:38.0000000Z","value":2694489.5}
{"displayname":"RealEnergyImport (kWh)","hwid":"PowerMeter-0a:01:01:01:01:01","sourcetimestamp":"2018-12-11T12:15:43.0000000Z","value":2694489.5}
{"displayname":"RealEnergyImport (kWh)","hwid":"PowerMeter-0a:01:01:01:01:01","sourcetimestamp":"2018-12-11T12:15:47.0000000Z","value":2694489.5}
{"displayname":"RealEnergyImport (kWh)","hwid":"PowerMeter-0a:01:01:01:01:01","sourcetimestamp":"2018-12-11T12:15:51.0000000Z","value":2694489.5}
{"displayname":"RealEnergyImport (kWh)","hwid":"PowerMeter-0a:01:01:01:01:01","sourcetimestamp":"2018-12-11T12:15:55.0000000Z","value":2694489.5}
{"displayname":"RealEnergyImport (kWh)","hwid":"PowerMeter-0a:01:01:01:01:01","sourcetimestamp":"2018-12-11T12:15:59.0000000Z","value":2694489.5}
{"displayname":"RealEnergyImport (kWh)","hwid":"PowerMeter-0a:01:01:01:01:01","sourcetimestamp":"2018-12-11T12:16:03.0000000Z","value":2694489.5}
{"displayname":"RealEnergyImport (kWh)","hwid":"PowerMeter-0a:01:01:01:01:01","sourcetimestamp":"2018-12-11T12:16:08.0000000Z","value":2694489.5}
{"displayname":"RealEnergyImport (kWh)","hwid":"PowerMeter-0a:01:01:01:01:01","sourcetimestamp":"2018-12-11T12:16:12.0000000Z","value":2694489.5}
{"displayname":"RealEnergyImport (kWh)","hwid":"PowerMeter-0a:01:01:01:01:01","sourcetimestamp":"2018-12-11T12:16:16.0000000Z","value":2694489.5}
{"displayname":"RealEnergyImport (kWh)","hwid":"PowerMeter-0a:01:01:01:01:01","sourcetimestamp":"2018-12-11T12:16:20.0000000Z","value":2694489.5}
{"displayname":"RealEnergyImport (kWh)","hwid":"PowerMeter-0a:01:01:01:01:01","sourcetimestamp":"2018-12-11T12:16:24.0000000Z","value":2694489.5}
{"displayname":"RealEnergyImport (kWh)","hwid":"PowerMeter-0a:01:01:01:01:01","sourcetimestamp":"2018-12-11T12:16:28.0000000Z","value":2694489.5}
{"displayname":"RealEnergyImport (kWh)","hwid":"PowerMeter-0a:01:01:01:01:01","sourcetimestamp":"2018-12-11T12:16:33.0000000Z","value":2694489.5}
{"displayname":"RealEnergyImport (kWh)","hwid":"PowerMeter-0a:01:01:01:01:01","sourcetimestamp":"2018-12-11T12:16:37.0000000Z","value":2694489.5}
{"displayname":"RealEnergyImport (kWh)","hwid":"PowerMeter-0a:01:01:01:01:01","sourcetimestamp":"2018-12-11T12:16:41.0000000Z","value":2694489.5}
{"displayname":"RealEnergyImport (kWh)","hwid":"PowerMeter-0a:01:01:01:01:01","sourcetimestamp":"2018-12-11T12:16:45.0000000Z","value":2694489.5}
{"displayname":"RealEnergyImport (kWh)","hwid":"PowerMeter-0a:01:01:01:01:01","sourcetimestamp":"2018-12-11T12:16:49.0000000Z","value":2694489.5}
{"displayname":"RealEnergyImport (kWh)","hwid":"PowerMeter-0a:01:01:01:01:01","sourcetimestamp":"2018-12-11T12:16:53.0000000Z","value":2694489.5}
{"displayname":"RealEnergyImport (kWh)","hwid":"PowerMeter-0a:01:01:01:01:01","sourcetimestamp":"2018-12-11T12:16:58.0000000Z","value":2694489.5}
{"displayname":"RealEnergyImport (kWh)","hwid":"PowerMeter-0a:01:01:01:01:01","sourcetimestamp":"2018-12-11T12:17:02.0000000Z","value":2694489.5}
{"displayname":"RealEnergyImport (kWh)","hwid":"PowerMeter-0a:01:01:01:01:01","sourcetimestamp":"2018-12-11T12:17:06.0000000Z","value":2694489.5}
{"displayname":"RealEnergyImport (kWh)","hwid":"PowerMeter-0a:01:01:01:01:01","sourcetimestamp":"2018-12-11T12:17:10.0000000Z","value":2694489.5}
{"displayname":"RealEnergyImport (kWh)","hwid":"PowerMeter-0a:01:01:01:01:01","sourcetimestamp":"2018-12-11T12:17:14.0000000Z","value":2694489.5}
{"displayname":"RealEnergyImport (kWh)","hwid":"PowerMeter-0a:01:01:01:01:01","sourcetimestamp":"2018-12-11T12:17:18.0000000Z","value":2694489.5}
{"displayname":"RealEnergyImport (kWh)","hwid":"PowerMeter-0a:01:01:01:01:01","sourcetimestamp":"2018-12-11T12:17:22.0000000Z","value":2694489.5}
{"displayname":"RealEnergyImport (kWh)","hwid":"PowerMeter-0a:01:01:01:01:01","sourcetimestamp":"2018-12-11T12:17:27.0000000Z","value":2694489.5}
{"displayname":"RealEnergyImport (kWh)","hwid":"PowerMeter-0a:01:01:01:01:01","sourcetimestamp":"2018-12-11T12:17:31.0000000Z","value":2694489.5}
{"displayname":"RealEnergyImport (kWh)","hwid":"PowerMeter-0a:01:01:01:01:01","sourcetimestamp":"2018-12-11T12:34:14.0000000Z","value":2694489.5}
{"displayname":"RealEnergyImport (kWh)","hwid":"PowerMeter-0a:01:01:01:01:01","sourcetimestamp":"2018-12-11T12:34:18.0000000Z","value":2694489.5}
{"displayname":"RealEnergyImport (kWh)","hwid":"PowerMeter-0a:01:01:01:01:01","sourcetimestamp":"2018-12-11T12:34:22.0000000Z","value":2694489.5}
{"displayname":"RealEnergyImport (kWh)","hwid":"PowerMeter-0a:01:01:01:01:01","sourcetimestamp":"2018-12-11T12:34:26.0000000Z","value":2694489.5}
{"displayname":"RealEnergyImport (kWh)","hwid":"PowerMeter-0a:01:01:01:01:01","sourcetimestamp":"2018-12-11T12:34:31.0000000Z","value":2694489.5}
{"displayname":"RealEnergyImport (kWh)","hwid":"PowerMeter-0a:01:01:01:01:01","sourcetimestamp":"2018-12-11T12:34:35.0000000Z","value":2694489.5}
{"displayname":"RealEnergyImport (kWh)","hwid":"PowerMeter-0a:01:01:01:01:01","sourcetimestamp":"2018-12-11T12:34:39.0000000Z","value":2694489.5}
{"displayname":"RealEnergyImport (kWh)","hwid":"PowerMeter-0a:01:01:01:01:01","sourcetimestamp":"2018-12-11T12:34:43.0000000Z","value":2694489.5}
{"displayname":"RealEnergyImport (kWh)","hwid":"PowerMeter-0a:01:01:01:01:01","sourcetimestamp":"2018-12-11T12:34:47.0000000Z","value":2694489.5}
{"displayname":"RealEnergyImport (kWh)","hwid":"PowerMeter-0a:01:01:01:01:01","sourcetimestamp":"2018-12-11T12:34:51.0000000Z","value":2694489.5}
{"displayname":"RealEnergyImport (kWh)","hwid":"PowerMeter-0a:01:01:01:01:01","sourcetimestamp":"2018-12-11T12:34:56.0000000Z","value":2694489.5}
{"displayname":"RealEnergyImport (kWh)","hwid":"PowerMeter-0a:01:01:01:01:01","sourcetimestamp":"2018-12-11T12:35:00.0000000Z","value":2694489.5}
{"displayname":"RealEnergyImport (kWh)","hwid":"PowerMeter-0a:01:01:01:01:01","sourcetimestamp":"2018-12-11T12:35:04.0000000Z","value":2694489.5}
{"displayname":"RealEnergyImport (kWh)","hwid":"PowerMeter-0a:01:01:01:01:01","sourcetimestamp":"2018-12-11T12:35:08.0000000Z","value":2694489.5}
{"displayname":"RealEnergyImport (kWh)","hwid":"PowerMeter-0a:01:01:01:01:01","sourcetimestamp":"2018-12-11T12:35:12.0000000Z","value":2694489.5}
{"displayname":"RealEnergyImport (kWh)","hwid":"PowerMeter-0a:01:01:01:01:01","sourcetimestamp":"2018-12-11T12:35:16.0000000Z","value":2694489.5}
{"displayname":"RealEnergyImport (kWh)","hwid":"PowerMeter-0a:01:01:01:01:01","sourcetimestamp":"2018-12-11T12:35:21.0000000Z","value":2694489.5}
{"displayname":"RealEnergyImport (kWh)","hwid":"PowerMeter-0a:01:01:01:01:01","sourcetimestamp":"2018-12-11T12:35:25.0000000Z","value":2694489.5}
{"displayname":"RealEnergyImport (kWh)","hwid":"PowerMeter-0a:01:01:01:01:01","sourcetimestamp":"2018-12-11T12:35:29.0000000Z","value":2694489.5}
{"displayname":"RealEnergyImport (kWh)","hwid":"PowerMeter-0a:01:01:01:01:01","sourcetimestamp":"2018-12-11T12:35:33.0000000Z","value":2694489.5}
{"displayname":"RealEnergyImport (kWh)","hwid":"PowerMeter-0a:01:01:01:01:01","sourcetimestamp":"2018-12-11T12:35:37.0000000Z","value":2694489.5}
{"displayname":"RealEnergyImport (kWh)","hwid":"PowerMeter-0a:01:01:01:01:01","sourcetimestamp":"2018-12-11T12:35:41.0000000Z","value":2694489.5}
{"displayname":"RealEnergyImport (kWh)","hwid":"PowerMeter-0a:01:01:01:01:01","sourcetimestamp":"2018-12-11T12:35:46.0000000Z","value":2694489.5}
{"displayname":"RealEnergyImport (kWh)","hwid":"PowerMeter-0a:01:01:01:01:01","sourcetimestamp":"2018-12-11T12:35:50.0000000Z","value":2694489.5}
{"displayname":"RealEnergyImport (kWh)","hwid":"PowerMeter-0a:01:01:01:01:01","sourcetimestamp":"2018-12-11T12:35:54.0000000Z","value":2694489.5}
{"displayname":"RealEnergyImport (kWh)","hwid":"PowerMeter-0a:01:01:01:01:01","sourcetimestamp":"2018-12-11T12:36:00.0000000Z","value":2694489.5}
{"displayname":"RealEnergyImport (kWh)","hwid":"PowerMeter-0a:01:01:01:01:01","sourcetimestamp":"2018-12-11T12:36:05.0000000Z","value":2694489.5}
{"displayname":"RealEnergyImport (kWh)","hwid":"PowerMeter-0a:01:01:01:01:01","sourcetimestamp":"2018-12-11T12:36:09.0000000Z","value":2694489.5}
{"displayname":"RealEnergyImport (kWh)","hwid":"PowerMeter-0a:01:01:01:01:01","sourcetimestamp":"2018-12-11T12:36:13.0000000Z","value":2694489.5}
{"displayname":"RealEnergyImport (kWh)","hwid":"PowerMeter-0a:01:01:01:01:01","sourcetimestamp":"2018-12-11T12:36:17.0000000Z","value":2694489.5}
{"displayname":"RealEnergyImport (kWh)","hwid":"PowerMeter-0a:01:01:01:01:01","sourcetimestamp":"2018-12-11T12:36:21.0000000Z","value":2694489.5}
{"displayname":"RealEnergyImport (kWh)","hwid":"PowerMeter-0a:01:01:01:01:01","sourcetimestamp":"2018-12-11T12:36:26.0000000Z","value":2694489.5}
{"displayname":"RealEnergyImport (kWh)","hwid":"PowerMeter-0a:01:01:01:01:01","sourcetimestamp":"2018-12-11T12:36:30.0000000Z","value":2694489.5}
{"displayname":"RealEnergyImport (kWh)","hwid":"PowerMeter-0a:01:01:01:01:01","sourcetimestamp":"2018-12-11T12:36:35.0000000Z","value":2694489.5}
{"displayname":"RealEnergyImport (kWh)","hwid":"PowerMeter-0a:01:01:01:01:01","sourcetimestamp":"2018-12-11T12:36:40.0000000Z","value":2694489.5}
{"displayname":"RealEnergyImport (kWh)","hwid":"PowerMeter-0a:01:01:01:01:01","sourcetimestamp":"2018-12-11T12:36:44.0000000Z","value":2694489.5}
{"displayname":"RealEnergyImport (kWh)","hwid":"PowerMeter-0a:01:01:01:01:01","sourcetimestamp":"2018-12-11T12:36:48.0000000Z","value":2694489.5}
{"displayname":"RealEnergyImport (kWh)","hwid":"PowerMeter-0a:01:01:01:01:01","sourcetimestamp":"2018-12-11T12:36:52.0000000Z","value":2694489.5}
{"displayname":"RealEnergyImport (kWh)","hwid":"PowerMeter-0a:01:01:01:01:01","sourcetimestamp":"2018-12-11T12:36:56.0000000Z","value":2694489.5}
{"displayname":"RealEnergyImport (kWh)","hwid":"PowerMeter-0a:01:01:01:01:01","sourcetimestamp":"2018-12-11T12:37:00.0000000Z","value":2694489.5}
{"displayname":"RealEnergyImport (kWh)","hwid":"PowerMeter-0a:01:01:01:01:01","sourcetimestamp":"2018-12-11T12:37:05.0000000Z","value":2694489.5}
{"displayname":"RealEnergyImport (kWh)","hwid":"PowerMeter-0a:01:01:01:01:01","sourcetimestamp":"2018-12-11T12:37:09.0000000Z","value":2694489.5}
{"displayname":"RealEnergyImport (kWh)","hwid":"PowerMeter-0a:01:01:01:01:01","sourcetimestamp":"2018-12-11T12:37:13.0000000Z","value":2694489.5}
{"displayname":"RealEnergyImport (kWh)","hwid":"PowerMeter-0a:01:01:01:01:01","sourcetimestamp":"2018-12-11T12:37:17.0000000Z","value":2694489.5}
{"displayname":"RealEnergyImport (kWh)","hwid":"PowerMeter-0a:01:01:01:01:01","sourcetimestamp":"2018-12-11T12:37:21.0000000Z","value":2694489.5}
{"displayname":"RealEnergyImport (kWh)","hwid":"PowerMeter-0a:01:01:01:01:01","sourcetimestamp":"2018-12-11T12:37:25.0000000Z","value":2694489.5}
{"displayname":"RealEnergyImport (kWh)","hwid":"PowerMeter-0a:01:01:01:01:01","sourcetimestamp":"2018-12-11T12:37:29.0000000Z","value":2694489.5}
{"displayname":"RealEnergyImport (kWh)","hwid":"PowerMeter-0a:01:01:01:01:01","sourcetimestamp":"2018-12-11T12:37:34.0000000Z","value":2694489.5}
{"displayname":"RealEnergyImport (kWh)","hwid":"PowerMeter-0a:01:01:01:01:01","sourcetimestamp":"2018-12-11T12:37:38.0000000Z","value":2694489.5}
{"displayname":"RealEnergyImport (kWh)","hwid":"PowerMeter-0a:01:01:01:01:01","sourcetimestamp":"2018-12-11T12:37:42.0000000Z","value":2694489.5}
{"displayname":"RealEnergyImport (kWh)","hwid":"PowerMeter-0a:01:01:01:01:01","sourcetimestamp":"2018-12-11T12:37:46.0000000Z","value":2694489.5}
{"displayname":"RealEnergyImport (kWh)","hwid":"PowerMeter-0a:01:01:01:01:01","sourcetimestamp":"2018-12-11T12:37:50.0000000Z","value":2694489.5}
{"displayname":"RealEnergyImport (kWh)","hwid":"PowerMeter-0a:01:01:01:01:01","sourcetimestamp":"2018-12-11T12:37:54.0000000Z","value":2694489.5}
{"displayname":"RealEnergyImport (kWh)","hwid":"PowerMeter-0a:01:01:01:01:01","sourcetimestamp":"2018-12-11T12:37:59.0000000Z","value":2694489.5}
{"displayname":"RealEnergyImport (kWh)","hwid":"PowerMeter-0a:01:01:01:01:01","sourcetimestamp":"2018-12-11T12:38:03.0000000Z","value":2694489.5}
{"displayname":"RealEnergyImport (kWh)","hwid":"PowerMeter-0a:01:01:01:01:01","sourcetimestamp":"2018-12-11T12:38:07.0000000Z","value":2694489.5}
{"displayname":"RealEnergyImport (kWh)","hwid":"PowerMeter-0a:01:01:01:01:01","sourcetimestamp":"2018-12-11T12:38:12.0000000Z","value":2694489.5}
{"displayname":"RealEnergyImport (kWh)","hwid":"PowerMeter-0a:01:01:01:01:01","sourcetimestamp":"2018-12-11T12:38:16.0000000Z","value":2694489.5}
{"displayname":"RealEnergyImport (kWh)","hwid":"PowerMeter-0a:01:01:01:01:01","sourcetimestamp":"2018-12-11T12:38:20.0000000Z","value":2694489.5}
{"displayname":"RealEnergyImport (kWh)","hwid":"PowerMeter-0a:01:01:01:01:01","sourcetimestamp":"2018-12-11T12:38:26.0000000Z","value":2694489.5}
{"displayname":"RealEnergyImport (kWh)","hwid":"PowerMeter-0a:01:01:01:01:01","sourcetimestamp":"2018-12-11T12:38:30.0000000Z","value":2694489.5}
{"displayname":"RealEnergyImport (kWh)","hwid":"PowerMeter-0a:01:01:01:01:01","sourcetimestamp":"2018-12-11T12:38:34.0000000Z","value":2694489.5}
{"displayname":"RealEnergyImport (kWh)","hwid":"PowerMeter-0a:01:01:01:01:01","sourcetimestamp":"2018-12-11T12:38:38.0000000Z","value":2694489.5}
{"displayname":"RealEnergyImport (kWh)","hwid":"PowerMeter-0a:01:01:01:01:01","sourcetimestamp":"2018-12-11T12:38:42.0000000Z","value":2694489.5}
{"displayname":"RealEnergyImport (kWh)","hwid":"PowerMeter-0a:01:01:01:01:01","sourcetimestamp":"2018-12-11T12:38:46.0000000Z","value":2694489.5}
{"displayname":"RealEnergyImport (kWh)","hwid":"PowerMeter-0a:01:01:01:01:01","sourcetimestamp":"2018-12-11T12:38:51.0000000Z","value":2694489.5}
{"displayname":"RealEnergyImport (kWh)","hwid":"PowerMeter-0a:01:01:01:01:01","sourcetimestamp":"2018-12-11T12:38:55.0000000Z","value":2694489.5}
{"displayname":"RealEnergyImport (kWh)","hwid":"PowerMeter-0a:01:01:01:01:01","sourcetimestamp":"2018-12-11T12:38:59.0000000Z","value":2694489.5}
{"displayname":"RealEnergyImport (kWh)","hwid":"PowerMeter-0a:01:01:01:01:01","sourcetimestamp":"2018-12-11T12:39:03.0000000Z","value":2694489.5}
{"displayname":"RealEnergyImport (kWh)","hwid":"PowerMeter-0a:01:01:01:01:01","sourcetimestamp":"2018-12-11T12:39:07.0000000Z","value":2694489.5}
{"displayname":"RealEnergyImport (kWh)","hwid":"PowerMeter-0a:01:01:01:01:01","sourcetimestamp":"2018-12-11T12:39:12.0000000Z","value":2694489.5}
{"displayname":"RealEnergyImport (kWh)","hwid":"PowerMeter-0a:01:01:01:01:01","sourcetimestamp":"2018-12-11T12:39:16.0000000Z","value":2694489.5}
{"displayname":"RealEnergyImport (kWh)","hwid":"PowerMeter-0a:01:01:01:01:01","sourcetimestamp":"2018-12-11T12:39:20.0000000Z","value":2694489.5}
{"displayname":"RealEnergyImport (kWh)","hwid":"PowerMeter-0a:01:01:01:01:01","sourcetimestamp":"2018-12-11T12:39:26.0000000Z","value":2694489.5}
{"displayname":"RealEnergyImport (kWh)","hwid":"PowerMeter-0a:01:01:01:01:01","sourcetimestamp":"2018-12-11T12:39:30.0000000Z","value":2694489.5}
{"displayname":"RealEnergyImport (kWh)","hwid":"PowerMeter-0a:01:01:01:01:01","sourcetimestamp":"2018-12-11T12:39:34.0000000Z","value":2694489.5}
{"displayname":"RealEnergyImport (kWh)","hwid":"PowerMeter-0a:01:01:01:01:01","sourcetimestamp":"2018-12-11T12:39:39.0000000Z","value":2694489.5}
{"displayname":"RealEnergyImport (kWh)","hwid":"PowerMeter-0a:01:01:01:01:01","sourcetimestamp":"2018-12-11T12:39:43.0000000Z","value":2694489.5}
{"displayname":"RealEnergyImport (kWh)","hwid":"PowerMeter-0a:01:01:01:01:01","sourcetimestamp":"2018-12-11T12:39:47.0000000Z","value":2694489.5}
{"displayname":"RealEnergyImport (kWh)","hwid":"PowerMeter-0a:01:01:01:01:01","sourcetimestamp":"2018-12-11T12:39:51.0000000Z","value":2694489.5}
{"displayname":"RealEnergyImport (kWh)","hwid":"PowerMeter-0a:01:01:01:01:01","sourcetimestamp":"2018-12-11T12:39:55.0000000Z","value":2694489.5}
{"displayname":"RealEnergyImport (kWh)","hwid":"PowerMeter-0a:01:01:01:01:01","sourcetimestamp":"2018-12-11T12:39:59.0000000Z","value":2694489.5}
{"displayname":"RealEnergyImport (kWh)","hwid":"PowerMeter-0a:01:01:01:01:01","sourcetimestamp":"2018-12-11T12:40:04.0000000Z","value":2694489.5}
{"displayname":"RealEnergyImport (kWh)","hwid":"PowerMeter-0a:01:01:01:01:01","sourcetimestamp":"2018-12-11T12:40:08.0000000Z","value":2694489.5}
{"displayname":"RealEnergyImport (kWh)","hwid":"PowerMeter-0a:01:01:01:01:01","sourcetimestamp":"2018-12-11T12:40:12.0000000Z","value":2694489.5}
{"displayname":"RealEnergyImport (kWh)","hwid":"PowerMeter-0a:01:01:01:01:01","sourcetimestamp":"2018-12-11T12:40:16.0000000Z","value":2694489.5}
{"displayname":"RealEnergyImport (kWh)","hwid":"PowerMeter-0a:01:01:01:01:01","sourcetimestamp":"2018-12-11T12:40:20.0000000Z","value":2694489.5}
{"displayname":"RealEnergyImport (kWh)","hwid":"PowerMeter-0a:01:01:01:01:01","sourcetimestamp":"2018-12-11T12:40:24.0000000Z","value":2694489.5}
{"displayname":"RealEnergyImport (kWh)","hwid":"PowerMeter-0a:01:01:01:01:01","sourcetimestamp":"2018-12-11T12:40:28.0000000Z","value":2694489.5}
{"displayname":"RealEnergyImport (kWh)","hwid":"PowerMeter-0a:01:01:01:01:01","sourcetimestamp":"2018-12-11T12:40:33.0000000Z","value":2694489.5}
{"displayname":"RealEnergyImport (kWh)","hwid":"PowerMeter-0a:01:01:01:01:01","sourcetimestamp":"2018-12-11T12:40:37.0000000Z","value":2694489.5}
{"displayname":"RealEnergyImport (kWh)","hwid":"PowerMeter-0a:01:01:01:01:01","sourcetimestamp":"2018-12-11T12:40:41.0000000Z","value":2694489.5}
{"displayname":"RealEnergyImport (kWh)","hwid":"PowerMeter-0a:01:01:01:01:01","sourcetimestamp":"2018-12-11T12:40:45.0000000Z","value":2694489.5}
{"displayname":"RealEnergyImport (kWh)","hwid":"PowerMeter-0a:01:01:01:01:01","sourcetimestamp":"2018-12-11T12:40:49.0000000Z","value":2694489.5}
{"displayname":"RealEnergyImport (kWh)","hwid":"PowerMeter-0a:01:01:01:01:01","sourcetimestamp":"2018-12-11T12:40:53.0000000Z","value":2694489.5}
{"displayname":"RealEnergyImport (kWh)","hwid":"PowerMeter-0a:01:01:01:01:01","sourcetimestamp":"2018-12-11T12:40:58.0000000Z","value":2694489.5}
{"displayname":"RealEnergyImport (kWh)","hwid":"PowerMeter-0a:01:01:01:01:01","sourcetimestamp":"2018-12-11T12:41:02.0000000Z","value":2694489.5}
{"displayname":"RealEnergyImport (kWh)","hwid":"PowerMeter-0a:01:01:01:01:01","sourcetimestamp":"2018-12-11T12:41:06.0000000Z","value":2694489.5}
{"displayname":"RealEnergyImport (kWh)","hwid":"PowerMeter-0a:01:01:01:01:01","sourcetimestamp":"2018-12-11T12:41:12.0000000Z","value":2694489.5}
{"displayname":"RealEnergyImport (kWh)","hwid":"PowerMeter-0a:01:01:01:01:01","sourcetimestamp":"2018-12-11T12:41:16.0000000Z","value":2694489.5}
{"displayname":"RealEnergyImport (kWh)","hwid":"PowerMeter-0a:01:01:01:01:01","sourcetimestamp":"2018-12-11T12:41:20.0000000Z","value":2694489.5}
{"displayname":"RealEnergyImport (kWh)","hwid":"PowerMeter-0a:01:01:01:01:01","sourcetimestamp":"2018-12-11T12:41:24.0000000Z","value":2694489.5}
{"displayname":"RealEnergyImport (kWh)","hwid":"PowerMeter-0a:01:01:01:01:01","sourcetimestamp":"2018-12-11T12:41:29.0000000Z","value":2694489.5}
{"displayname":"RealEnergyImport (kWh)","hwid":"PowerMeter-0a:01:01:01:01:01","sourcetimestamp":"2018-12-11T12:41:33.0000000Z","value":2694489.5}
{"displayname":"RealEnergyImport (kWh)","hwid":"PowerMeter-0a:01:01:01:01:01","sourcetimestamp":"2018-12-11T12:41:37.0000000Z","value":2694489.5}
{"displayname":"RealEnergyImport (kWh)","hwid":"PowerMeter-0a:01:01:01:01:01","sourcetimestamp":"2018-12-11T12:41:41.0000000Z","value":2694489.5}
{"displayname":"RealEnergyImport (kWh)","hwid":"PowerMeter-0a:01:01:01:01:01","sourcetimestamp":"2018-12-11T12:41:45.0000000Z","value":2694489.5}
{"displayname":"RealEnergyImport (kWh)","hwid":"PowerMeter-0a:01:01:01:01:01","sourcetimestamp":"2018-12-11T12:41:49.0000000Z","value":2694489.5}
{"displayname":"RealEnergyImport (kWh)","hwid":"PowerMeter-0a:01:01:01:01:01","sourcetimestamp":"2018-12-11T12:41:53.0000000Z","value":2694489.5}
{"displayname":"RealEnergyImport (kWh)","hwid":"PowerMeter-0a:01:01:01:01:01","sourcetimestamp":"2018-12-11T12:41:58.0000000Z","value":2694489.5}
{"displayname":"RealEnergyImport (kWh)","hwid":"PowerMeter-0a:01:01:01:01:01","sourcetimestamp":"2018-12-11T12:42:02.0000000Z","value":2694489.5}
{"displayname":"RealEnergyImport (kWh)","hwid":"PowerMeter-0a:01:01:01:01:01","sourcetimestamp":"2018-12-11T12:42:06.0000000Z","value":2694489.5}
{"displayname":"RealEnergyImport (kWh)","hwid":"PowerMeter-0a:01:01:01:01:01","sourcetimestamp":"2018-12-11T12:42:10.0000000Z","value":2694489.5}
{"displayname":"RealEnergyImport (kWh)","hwid":"PowerMeter-0a:01:01:01:01:01","sourcetimestamp":"2018-12-11T12:42:15.0000000Z","value":2694489.5}
{"displayname":"RealEnergyImport (kWh)","hwid":"PowerMeter-0a:01:01:01:01:01","sourcetimestamp":"2018-12-11T12:42:20.0000000Z","value":2694489.5}
{"displayname":"RealEnergyImport (kWh)","hwid":"PowerMeter-0a:01:01:01:01:01","sourcetimestamp":"2018-12-11T12:42:24.0000000Z","value":2694489.5}
{"displayname":"RealEnergyImport (kWh)","hwid":"PowerMeter-0a:01:01:01:01:01","sourcetimestamp":"2018-12-11T12:42:28.0000000Z","value":2694489.5}
{"displayname":"RealEnergyImport (kWh)","hwid":"PowerMeter-0a:01:01:01:01:01","sourcetimestamp":"2018-12-11T12:42:32.0000000Z","value":2694489.5}
{"displayname":"RealEnergyImport (kWh)","hwid":"PowerMeter-0a:01:01:01:01:01","sourcetimestamp":"2018-12-11T12:42:36.0000000Z","value":2694489.5}
{"displayname":"RealEnergyImport (kWh)","hwid":"PowerMeter-0a:01:01:01:01:01","sourcetimestamp":"2018-12-11T12:42:40.0000000Z","value":2694489.5}
{"displayname":"RealEnergyImport (kWh)","hwid":"PowerMeter-0a:01:01:01:01:01","sourcetimestamp":"2018-12-11T12:42:44.0000000Z","value":2694489.5}
{"displayname":"RealEnergyImport (kWh)","hwid":"PowerMeter-0a:01:01:01:01:01","sourcetimestamp":"2018-12-11T12:42:49.0000000Z","value":2694489.5}
{"displayname":"RealEnergyImport (kWh)","hwid":"PowerMeter-0a:01:01:01:01:01","sourcetimestamp":"2018-12-11T12:42:53.0000000Z","value":2694489.5}
{"displayname":"RealEnergyImport (kWh)","hwid":"PowerMeter-0a:01:01:01:01:01","sourcetimestamp":"2018-12-11T12:42:57.0000000Z","value":2694489.5}
{"displayname":"RealEnergyImport (kWh)","hwid":"PowerMeter-0a:01:01:01:01:01","sourcetimestamp":"2018-12-11T12:43:01.0000000Z","value":2694489.5}
{"displayname":"RealEnergyImport (kWh)","hwid":"PowerMeter-0a:01:01:01:01:01","sourcetimestamp":"2018-12-11T12:43:05.0000000Z","value":2694489.5}
{"displayname":"RealEnergyImport (kWh)","hwid":"PowerMeter-0a:01:01:01:01:01","sourcetimestamp":"2018-12-11T12:43:11.0000000Z","value":2694489.5}
{"displayname":"RealEnergyImport (kWh)","hwid":"PowerMeter-0a:01:01:01:01:01","sourcetimestamp":"2018-12-11T12:43:15.0000000Z","value":2694489.5}
{"displayname":"RealEnergyImport (kWh)","hwid":"PowerMeter-0a:01:01:01:01:01","sourcetimestamp":"2018-12-11T12:43:20.0000000Z","value":2694489.5}
{"displayname":"RealEnergyImport (kWh)","hwid":"PowerMeter-0a:01:01:01:01:01","sourcetimestamp":"2018-12-11T12:43:24.0000000Z","value":2694489.5}
{"displayname":"RealEnergyImport (kWh)","hwid":"PowerMeter-0a:01:01:01:01:01","sourcetimestamp":"2018-12-11T12:43:29.0000000Z","value":2694489.5}
{"displayname":"RealEnergyImport (kWh)","hwid":"PowerMeter-0a:01:01:01:01:01","sourcetimestamp":"2018-12-11T12:43:33.0000000Z","value":2694489.5}
{"displayname":"RealEnergyImport (kWh)","hwid":"PowerMeter-0a:01:01:01:01:01","sourcetimestamp":"2018-12-11T12:43:37.0000000Z","value":2694489.5}
{"displayname":"RealEnergyImport (kWh)","hwid":"PowerMeter-0a:01:01:01:01:01","sourcetimestamp":"2018-12-11T12:43:41.0000000Z","value":2694489.5}
{"displayname":"RealEnergyImport (kWh)","hwid":"PowerMeter-0a:01:01:01:01:01","sourcetimestamp":"2018-12-11T12:43:45.0000000Z","value":2694489.5}
{"displayname":"RealEnergyImport (kWh)","hwid":"PowerMeter-0a:01:01:01:01:01","sourcetimestamp":"2018-12-11T12:43:49.0000000Z","value":2694489.5}
{"displayname":"RealEnergyImport (kWh)","hwid":"PowerMeter-0a:01:01:01:01:01","sourcetimestamp":"2018-12-11T12:43:54.0000000Z","value":2694489.5}
{"displayname":"RealEnergyImport (kWh)","hwid":"PowerMeter-0a:01:01:01:01:01","sourcetimestamp":"2018-12-11T12:43:58.0000000Z","value":2694489.5}
{"displayname":"RealEnergyImport (kWh)","hwid":"PowerMeter-0a:01:01:01:01:01","sourcetimestamp":"2018-12-11T12:44:02.0000000Z","value":2694489.5}
{"displayname":"RealEnergyImport (kWh)","hwid":"PowerMeter-0a:01:01:01:01:01","sourcetimestamp":"2018-12-11T12:44:06.0000000Z","value":2694489.5}
{"displayname":"RealEnergyImport (kWh)","hwid":"PowerMeter-0a:01:01:01:01:01","sourcetimestamp":"2018-12-11T12:44:10.0000000Z","value":2694489.5}
{"displayname":"RealEnergyImport (kWh)","hwid":"PowerMeter-0a:01:01:01:01:01","sourcetimestamp":"2018-12-11T12:44:15.0000000Z","value":2694489.5}
{"displayname":"RealEnergyImport (kWh)","hwid":"PowerMeter-0a:01:01:01:01:01","sourcetimestamp":"2018-12-11T12:44:19.0000000Z","value":2694489.5}
{"displayname":"RealEnergyImport (kWh)","hwid":"PowerMeter-0a:01:01:01:01:01","sourcetimestamp":"2018-12-11T12:44:23.0000000Z","value":2694489.5}
{"displayname":"RealEnergyImport (kWh)","hwid":"PowerMeter-0a:01:01:01:01:01","sourcetimestamp":"2018-12-11T12:44:27.0000000Z","value":2694489.5}
{"displayname":"RealEnergyImport (kWh)","hwid":"PowerMeter-0a:01:01:01:01:01","sourcetimestamp":"2018-12-11T12:44:31.0000000Z","value":2694489.5}
{"displayname":"RealEnergyImport (kWh)","hwid":"PowerMeter-0a:01:01:01:01:01","sourcetimestamp":"2018-12-11T12:44:35.0000000Z","value":2694489.5}
{"displayname":"RealEnergyImport (kWh)","hwid":"PowerMeter-0a:01:01:01:01:01","sourcetimestamp":"2018-12-11T12:44:40.0000000Z","value":2694489.5}
{"displayname":"RealEnergyImport (kWh)","hwid":"PowerMeter-0a:01:01:01:01:01","sourcetimestamp":"2018-12-11T12:44:44.0000000Z","value":2694489.5}
{"displayname":"RealEnergyImport (kWh)","hwid":"PowerMeter-0a:01:01:01:01:01","sourcetimestamp":"2018-12-11T12:44:49.0000000Z","value":2694489.5}
{"displayname":"RealEnergyImport (kWh)","hwid":"PowerMeter-0a:01:01:01:01:01","sourcetimestamp":"2018-12-11T12:44:54.0000000Z","value":2694489.5}
{"displayname":"RealEnergyImport (kWh)","hwid":"PowerMeter-0a:01:01:01:01:01","sourcetimestamp":"2018-12-11T12:44:58.0000000Z","value":2694489.5}
{"displayname":"RealEnergyImport (kWh)","hwid":"PowerMeter-0a:01:01:01:01:01","sourcetimestamp":"2018-12-11T12:45:02.0000000Z","value":2694489.5}
{"displayname":"RealEnergyImport (kWh)","hwid":"PowerMeter-0a:01:01:01:01:01","sourcetimestamp":"2018-12-11T12:45:07.0000000Z","value":2694489.5}
{"displayname":"RealEnergyImport (kWh)","hwid":"PowerMeter-0a:01:01:01:01:01","sourcetimestamp":"2018-12-11T12:45:11.0000000Z","value":2694489.5}
{"displayname":"RealEnergyImport (kWh)","hwid":"PowerMeter-0a:01:01:01:01:01","sourcetimestamp":"2018-12-11T12:45:15.0000000Z","value":2694489.5}
{"displayname":"RealEnergyImport (kWh)","hwid":"PowerMeter-0a:01:01:01:01:01","sourcetimestamp":"2018-12-11T12:45:20.0000000Z","value":2694489.5}
{"displayname":"RealEnergyImport (kWh)","hwid":"PowerMeter-0a:01:01:01:01:01","sourcetimestamp":"2018-12-11T12:45:24.0000000Z","value":2694489.5}
{"displayname":"RealEnergyImport (kWh)","hwid":"PowerMeter-0a:01:01:01:01:01","sourcetimestamp":"2018-12-11T12:45:28.0000000Z","value":2694489.5}
{"displayname":"RealEnergyImport (kWh)","hwid":"PowerMeter-0a:01:01:01:01:01","sourcetimestamp":"2018-12-11T12:45:32.0000000Z","value":2694489.5}
{"displayname":"RealEnergyImport (kWh)","hwid":"PowerMeter-0a:01:01:01:01:01","sourcetimestamp":"2018-12-11T12:45:36.0000000Z","value":2694489.5}
{"displayname":"RealEnergyImport (kWh)","hwid":"PowerMeter-0a:01:01:01:01:01","sourcetimestamp":"2018-12-11T12:45:40.0000000Z","value":2694489.5}
{"displayname":"RealEnergyImport (kWh)","hwid":"PowerMeter-0a:01:01:01:01:01","sourcetimestamp":"2018-12-11T12:45:45.0000000Z","value":2694489.5}
{"displayname":"RealEnergyImport (kWh)","hwid":"PowerMeter-0a:01:01:01:01:01","sourcetimestamp":"2018-12-11T12:45:49.0000000Z","value":2694489.5}
{"displayname":"RealEnergyImport (kWh)","hwid":"PowerMeter-0a:01:01:01:01:01","sourcetimestamp":"2018-12-11T12:45:53.0000000Z","value":2694489.5}
{"displayname":"RealEnergyImport (kWh)","hwid":"PowerMeter-0a:01:01:01:01:01","sourcetimestamp":"2018-12-11T12:45:57.0000000Z","value":2694489.5}
{"displayname":"RealEnergyImport (kWh)","hwid":"PowerMeter-0a:01:01:01:01:01","sourcetimestamp":"2018-12-11T12:46:01.0000000Z","value":2694489.5}
{"displayname":"RealEnergyImport (kWh)","hwid":"PowerMeter-0a:01:01:01:01:01","sourcetimestamp":"2018-12-11T12:46:05.0000000Z","value":2694489.5}
{"displayname":"RealEnergyImport (kWh)","hwid":"PowerMeter-0a:01:01:01:01:01","sourcetimestamp":"2018-12-11T12:46:09.0000000Z","value":2694489.5}
{"displayname":"RealEnergyImport (kWh)","hwid":"PowerMeter-0a:01:01:01:01:01","sourcetimestamp":"2018-12-11T12:46:14.0000000Z","value":2694489.5}
{"displayname":"RealEnergyImport (kWh)","hwid":"PowerMeter-0a:01:01:01:01:01","sourcetimestamp":"2018-12-11T12:46:18.0000000Z","value":2694489.5}
{"displayname":"RealEnergyImport (kWh)","hwid":"PowerMeter-0a:01:01:01:01:01","sourcetimestamp":"2018-12-11T12:46:23.0000000Z","value":2694489.5}
{"displayname":"RealEnergyImport (kWh)","hwid":"PowerMeter-0a:01:01:01:01:01","sourcetimestamp":"2018-12-11T12:46:27.0000000Z","value":2694489.5}
{"displayname":"RealEnergyImport (kWh)","hwid":"PowerMeter-0a:01:01:01:01:01","sourcetimestamp":"2018-12-11T12:46:31.0000000Z","value":2694489.5}
{"displayname":"RealEnergyImport (kWh)","hwid":"PowerMeter-0a:01:01:01:01:01","sourcetimestamp":"2018-12-11T12:46:35.0000000Z","value":2694489.5}
{"displayname":"RealEnergyImport (kWh)","hwid":"PowerMeter-0a:01:01:01:01:01","sourcetimestamp":"2018-12-11T12:46:39.0000000Z","value":2694489.5}
{"displayname":"RealEnergyImport (kWh)","hwid":"PowerMeter-0a:01:01:01:01:01","sourcetimestamp":"2018-12-11T12:46:43.0000000Z","value":2694489.5}
{"displayname":"RealEnergyImport (kWh)","hwid":"PowerMeter-0a:01:01:01:01:01","sourcetimestamp":"2018-12-11T12:46:47.0000000Z","value":2694489.5}
{"displayname":"RealEnergyImport (kWh)","hwid":"PowerMeter-0a:01:01:01:01:01","sourcetimestamp":"2018-12-11T12:46:51.0000000Z","value":2694489.5}
{"displayname":"RealEnergyImport (kWh)","hwid":"PowerMeter-0a:01:01:01:01:01","sourcetimestamp":"2018-12-11T12:46:56.0000000Z","value":2694489.5}
{"displayname":"RealEnergyImport (kWh)","hwid":"PowerMeter-0a:01:01:01:01:01","sourcetimestamp":"2018-12-11T12:47:00.0000000Z","value":2694489.5}
{"displayname":"RealEnergyImport (kWh)","hwid":"PowerMeter-0a:01:01:01:01:01","sourcetimestamp":"2018-12-11T12:47:04.0000000Z","value":2694489.5}
{"displayname":"RealEnergyImport (kWh)","hwid":"PowerMeter-0a:01:01:01:01:01","sourcetimestamp":"2018-12-11T12:47:08.0000000Z","value":2694489.5}
{"displayname":"RealEnergyImport (kWh)","hwid":"PowerMeter-0a:01:01:01:01:01","sourcetimestamp":"2018-12-11T12:47:12.0000000Z","value":2694489.5}
{"displayname":"RealEnergyImport (kWh)","hwid":"PowerMeter-0a:01:01:01:01:01","sourcetimestamp":"2018-12-11T12:47:16.0000000Z","value":2694489.5}
{"displayname":"RealEnergyImport (kWh)","hwid":"PowerMeter-0a:01:01:01:01:01","sourcetimestamp":"2018-12-11T12:47:20.0000000Z","value":2694489.5}
{"displayname":"RealEnergyImport (kWh)","hwid":"PowerMeter-0a:01:01:01:01:01","sourcetimestamp":"2018-12-11T12:47:25.0000000Z","value":2694489.5}
{"displayname":"RealEnergyImport (kWh)","hwid":"PowerMeter-0a:01:01:01:01:01","sourcetimestamp":"2018-12-11T12:47:29.0000000Z","value":2694489.5}
{"displayname":"RealEnergyImport (kWh)","hwid":"PowerMeter-0a:01:01:01:01:01","sourcetimestamp":"2018-12-11T12:47:33.0000000Z","value":2694489.5}
{"displayname":"RealEnergyImport (kWh)","hwid":"PowerMeter-0a:01:01:01:01:01","sourcetimestamp":"2018-12-11T12:47:37.0000000Z","value":2694489.5}
{"displayname":"RealEnergyImport (kWh)","hwid":"PowerMeter-0a:01:01:01:01:01","sourcetimestamp":"2018-12-11T12:47:41.0000000Z","value":2694489.5}
{"displayname":"RealEnergyImport (kWh)","hwid":"PowerMeter-0a:01:01:01:01:01","sourcetimestamp":"2018-12-11T12:47:45.0000000Z","value":2694489.5}
{"displayname":"RealEnergyImport (kWh)","hwid":"PowerMeter-0a:01:01:01:01:01","sourcetimestamp":"2018-12-11T12:47:52.0000000Z","value":2694489.5}
{"displayname":"RealEnergyImport (kWh)","hwid":"PowerMeter-0a:01:01:01:01:01","sourcetimestamp":"2018-12-11T12:47:56.0000000Z","value":2694489.5}
{"displayname":"RealEnergyImport (kWh)","hwid":"PowerMeter-0a:01:01:01:01:01","sourcetimestamp":"2018-12-11T12:48:00.0000000Z","value":2694489.5}
{"displayname":"RealEnergyImport (kWh)","hwid":"PowerMeter-0a:01:01:01:01:01","sourcetimestamp":"2018-12-11T12:48:04.0000000Z","value":2694489.5}
{"displayname":"RealEnergyImport (kWh)","hwid":"PowerMeter-0a:01:01:01:01:01","sourcetimestamp":"2018-12-11T12:48:08.0000000Z","value":2694489.5}
{"displayname":"RealEnergyImport (kWh)","hwid":"PowerMeter-0a:01:01:01:01:01","sourcetimestamp":"2018-12-11T12:48:14.0000000Z","value":2694489.5}
{"displayname":"RealEnergyImport (kWh)","hwid":"PowerMeter-0a:01:01:01:01:01","sourcetimestamp":"2018-12-11T12:48:18.0000000Z","value":2694489.5}
{"displayname":"RealEnergyImport (kWh)","hwid":"PowerMeter-0a:01:01:01:01:01","sourcetimestamp":"2018-12-11T12:48:22.0000000Z","value":2694489.5}
{"displayname":"RealEnergyImport (kWh)","hwid":"PowerMeter-0a:01:01:01:01:01","sourcetimestamp":"2018-12-11T12:48:27.0000000Z","value":2694489.5}
{"displayname":"RealEnergyImport (kWh)","hwid":"PowerMeter-0a:01:01:01:01:01","sourcetimestamp":"2018-12-11T12:48:32.0000000Z","value":2694489.5}
{"displayname":"RealEnergyImport (kWh)","hwid":"PowerMeter-0a:01:01:01:01:01","sourcetimestamp":"2018-12-11T12:48:36.0000000Z","value":2694489.5}
{"displayname":"RealEnergyImport (kWh)","hwid":"PowerMeter-0a:01:01:01:01:01","sourcetimestamp":"2018-12-11T12:48:40.0000000Z","value":2694489.5}
{"displayname":"RealEnergyImport (kWh)","hwid":"PowerMeter-0a:01:01:01:01:01","sourcetimestamp":"2018-12-11T12:48:44.0000000Z","value":2694489.5}
{"displayname":"RealEnergyImport (kWh)","hwid":"PowerMeter-0a:01:01:01:01:01","sourcetimestamp":"2018-12-11T12:48:49.0000000Z","value":2694489.5}
{"displayname":"RealEnergyImport (kWh)","hwid":"PowerMeter-0a:01:01:01:01:01","sourcetimestamp":"2018-12-11T12:48:53.0000000Z","value":2694489.5}
{"displayname":"RealEnergyImport (kWh)","hwid":"PowerMeter-0a:01:01:01:01:01","sourcetimestamp":"2018-12-11T12:48:58.0000000Z","value":2694489.5}
{"displayname":"RealEnergyImport (kWh)","hwid":"PowerMeter-0a:01:01:01:01:01","sourcetimestamp":"2018-12-11T12:49:03.0000000Z","value":2694489.5}
{"displayname":"RealEnergyImport (kWh)","hwid":"PowerMeter-0a:01:01:01:01:01","sourcetimestamp":"2018-12-11T12:49:07.0000000Z","value":2694489.5}
{"displayname":"RealEnergyImport (kWh)","hwid":"PowerMeter-0a:01:01:01:01:01","sourcetimestamp":"2018-12-11T12:49:11.0000000Z","value":2694489.5}
{"displayname":"RealEnergyImport (kWh)","hwid":"PowerMeter-0a:01:01:01:01:01","sourcetimestamp":"2018-12-11T12:49:17.0000000Z","value":2694489.5}
{"displayname":"RealEnergyImport (kWh)","hwid":"PowerMeter-0a:01:01:01:01:01","sourcetimestamp":"2018-12-11T12:49:21.0000000Z","value":2694489.5}
{"displayname":"RealEnergyImport (kWh)","hwid":"PowerMeter-0a:01:01:01:01:01","sourcetimestamp":"2018-12-11T12:49:26.0000000Z","value":2694489.5}
{"displayname":"RealEnergyImport (kWh)","hwid":"PowerMeter-0a:01:01:01:01:01","sourcetimestamp":"2018-12-11T12:49:30.0000000Z","value":2694489.5}
{"displayname":"RealEnergyImport (kWh)","hwid":"PowerMeter-0a:01:01:01:01:01","sourcetimestamp":"2018-12-11T12:49:34.0000000Z","value":2694489.5}
{"displayname":"RealEnergyImport (kWh)","hwid":"PowerMeter-0a:01:01:01:01:01","sourcetimestamp":"2018-12-11T12:49:38.0000000Z","value":2694489.5}
{"displayname":"RealEnergyImport (kWh)","hwid":"PowerMeter-0a:01:01:01:01:01","sourcetimestamp":"2018-12-11T12:49:42.0000000Z","value":2694489.5}
{"displayname":"RealEnergyImport (kWh)","hwid":"PowerMeter-0a:01:01:01:01:01","sourcetimestamp":"2018-12-11T12:49:46.0000000Z","value":2694489.5}
{"displayname":"RealEnergyImport (kWh)","hwid":"PowerMeter-0a:01:01:01:01:01","sourcetimestamp":"2018-12-11T12:49:51.0000000Z","value":2694489.5}
{"displayname":"RealEnergyImport (kWh)","hwid":"PowerMeter-0a:01:01:01:01:01","sourcetimestamp":"2018-12-11T12:49:55.0000000Z","value":2694489.5}
{"displayname":"RealEnergyImport (kWh)","hwid":"PowerMeter-0a:01:01:01:01:01","sourcetimestamp":"2018-12-11T12:49:59.0000000Z","value":2694489.5}
{"displayname":"RealEnergyImport (kWh)","hwid":"PowerMeter-0a:01:01:01:01:01","sourcetimestamp":"2018-12-11T12:50:03.0000000Z","value":2694489.5}
{"displayname":"RealEnergyImport (kWh)","hwid":"PowerMeter-0a:01:01:01:01:01","sourcetimestamp":"2018-12-11T12:50:07.0000000Z","value":2694489.5}
{"displayname":"RealEnergyImport (kWh)","hwid":"PowerMeter-0a:01:01:01:01:01","sourcetimestamp":"2018-12-11T12:50:11.0000000Z","value":2694489.5}
{"displayname":"RealEnergyImport (kWh)","hwid":"PowerMeter-0a:01:01:01:01:01","sourcetimestamp":"2018-12-11T12:50:16.0000000Z","value":2694489.5}
{"displayname":"RealEnergyImport (kWh)","hwid":"PowerMeter-0a:01:01:01:01:01","sourcetimestamp":"2018-12-11T12:50:20.0000000Z","value":2694489.5}
{"displayname":"RealEnergyImport (kWh)","hwid":"PowerMeter-0a:01:01:01:01:01","sourcetimestamp":"2018-12-11T12:50:24.0000000Z","value":2694489.5}
{"displayname":"RealEnergyImport (kWh)","hwid":"PowerMeter-0a:01:01:01:01:01","sourcetimestamp":"2018-12-11T12:50:28.0000000Z","value":2694489.5}
{"displayname":"RealEnergyImport (kWh)","hwid":"PowerMeter-0a:01:01:01:01:01","sourcetimestamp":"2018-12-11T12:50:32.0000000Z","value":2694489.5}
{"displayname":"RealEnergyImport (kWh)","hwid":"PowerMeter-0a:01:01:01:01:01","sourcetimestamp":"2018-12-11T12:50:36.0000000Z","value":2694489.5}
{"displayname":"RealEnergyImport (kWh)","hwid":"PowerMeter-0a:01:01:01:01:01","sourcetimestamp":"2018-12-11T12:50:40.0000000Z","value":2694489.5}
{"displayname":"RealEnergyImport (kWh)","hwid":"PowerMeter-0a:01:01:01:01:01","sourcetimestamp":"2018-12-11T12:50:45.0000000Z","value":2694489.5}
{"displayname":"RealEnergyImport (kWh)","hwid":"PowerMeter-0a:01:01:01:01:01","sourcetimestamp":"2018-12-11T12:50:49.0000000Z","value":2694489.5}
{"displayname":"RealEnergyImport (kWh)","hwid":"PowerMeter-0a:01:01:01:01:01","sourcetimestamp":"2018-12-11T12:50:53.0000000Z","value":2694489.5}
{"displayname":"RealEnergyImport (kWh)","hwid":"PowerMeter-0a:01:01:01:01:01","sourcetimestamp":"2018-12-11T12:50:57.0000000Z","value":2694489.5}
{"displayname":"RealEnergyImport (kWh)","hwid":"PowerMeter-0a:01:01:01:01:01","sourcetimestamp":"2018-12-11T12:51:01.0000000Z","value":2694489.5}
{"displayname":"RealEnergyImport (kWh)","hwid":"PowerMeter-0a:01:01:01:01:01","sourcetimestamp":"2018-12-11T12:51:05.0000000Z","value":2694489.5}
{"displayname":"RealEnergyImport (kWh)","hwid":"PowerMeter-0a:01:01:01:01:01","sourcetimestamp":"2018-12-11T12:51:10.0000000Z","value":2694489.5}
{"displayname":"RealEnergyImport (kWh)","hwid":"PowerMeter-0a:01:01:01:01:01","sourcetimestamp":"2018-12-11T12:51:14.0000000Z","value":2694489.5}
{"displayname":"RealEnergyImport (kWh)","hwid":"PowerMeter-0a:01:01:01:01:01","sourcetimestamp":"2018-12-11T12:51:18.0000000Z","value":2694489.5}
{"displayname":"RealEnergyImport (kWh)","hwid":"PowerMeter-0a:01:01:01:01:01","sourcetimestamp":"2018-12-11T12:51:23.0000000Z","value":2694489.5}
{"displayname":"RealEnergyImport (kWh)","hwid":"PowerMeter-0a:01:01:01:01:01","sourcetimestamp":"2018-12-11T12:51:28.0000000Z","value":2694489.5}
{"displayname":"RealEnergyImport (kWh)","hwid":"PowerMeter-0a:01:01:01:01:01","sourcetimestamp":"2018-12-11T12:51:32.0000000Z","value":2694489.5}
{"displayname":"RealEnergyImport (kWh)","hwid":"PowerMeter-0a:01:01:01:01:01","sourcetimestamp":"2018-12-11T12:51:37.0000000Z","value":2694489.5}
{"displayname":"RealEnergyImport (kWh)","hwid":"PowerMeter-0a:01:01:01:01:01","sourcetimestamp":"2018-12-11T12:51:41.0000000Z","value":2694489.5}
{"displayname":"RealEnergyImport (kWh)","hwid":"PowerMeter-0a:01:01:01:01:01","sourcetimestamp":"2018-12-11T12:51:45.0000000Z","value":2694489.5}
{"displayname":"RealEnergyImport (kWh)","hwid":"PowerMeter-0a:01:01:01:01:01","sourcetimestamp":"2018-12-11T12:51:50.0000000Z","value":2694489.5}
{"displayname":"RealEnergyImport (kWh)","hwid":"PowerMeter-0a:01:01:01:01:01","sourcetimestamp":"2018-12-11T12:51:54.0000000Z","value":2694489.5}
{"displayname":"RealEnergyImport (kWh)","hwid":"PowerMeter-0a:01:01:01:01:01","sourcetimestamp":"2018-12-11T12:51:59.0000000Z","value":2694489.5}
{"displayname":"RealEnergyImport (kWh)","hwid":"PowerMeter-0a:01:01:01:01:01","sourcetimestamp":"2018-12-11T12:52:04.0000000Z","value":2694489.5}
{"displayname":"RealEnergyImport (kWh)","hwid":"PowerMeter-0a:01:01:01:01:01","sourcetimestamp":"2018-12-11T12:52:08.0000000Z","value":2694489.5}
{"displayname":"RealEnergyImport (kWh)","hwid":"PowerMeter-0a:01:01:01:01:01","sourcetimestamp":"2018-12-11T12:52:13.0000000Z","value":2694489.5}
{"displayname":"RealEnergyImport (kWh)","hwid":"PowerMeter-0a:01:01:01:01:01","sourcetimestamp":"2018-12-11T12:52:18.0000000Z","value":2694489.5}
{"displayname":"RealEnergyImport (kWh)","hwid":"PowerMeter-0a:01:01:01:01:01","sourcetimestamp":"2018-12-11T12:52:22.0000000Z","value":2694489.5}
{"displayname":"RealEnergyImport (kWh)","hwid":"PowerMeter-0a:01:01:01:01:01","sourcetimestamp":"2018-12-11T12:52:26.0000000Z","value":2694489.5}
{"displayname":"RealEnergyImport (kWh)","hwid":"PowerMeter-0a:01:01:01:01:01","sourcetimestamp":"2018-12-11T12:52:30.0000000Z","value":2694489.5}
{"displayname":"RealEnergyImport (kWh)","hwid":"PowerMeter-0a:01:01:01:01:01","sourcetimestamp":"2018-12-11T12:52:34.0000000Z","value":2694489.5}
{"displayname":"RealEnergyImport (kWh)","hwid":"PowerMeter-0a:01:01:01:01:01","sourcetimestamp":"2018-12-11T12:52:38.0000000Z","value":2694489.5}
{"displayname":"RealEnergyImport (kWh)","hwid":"PowerMeter-0a:01:01:01:01:01","sourcetimestamp":"2018-12-11T12:52:43.0000000Z","value":2694489.5}
{"displayname":"RealEnergyImport (kWh)","hwid":"PowerMeter-0a:01:01:01:01:01","sourcetimestamp":"2018-12-11T12:52:47.0000000Z","value":2694489.5}
{"displayname":"RealEnergyImport (kWh)","hwid":"PowerMeter-0a:01:01:01:01:01","sourcetimestamp":"2018-12-11T12:52:51.0000000Z","value":2694489.5}
{"displayname":"RealEnergyImport (kWh)","hwid":"PowerMeter-0a:01:01:01:01:01","sourcetimestamp":"2018-12-11T12:52:55.0000000Z","value":2694489.5}
{"displayname":"RealEnergyImport (kWh)","hwid":"PowerMeter-0a:01:01:01:01:01","sourcetimestamp":"2018-12-11T12:52:59.0000000Z","value":2694489.5}
{"displayname":"RealEnergyImport (kWh)","hwid":"PowerMeter-0a:01:01:01:01:01","sourcetimestamp":"2018-12-11T12:53:04.0000000Z","value":2694489.5}
{"displayname":"RealEnergyImport (kWh)","hwid":"PowerMeter-0a:01:01:01:01:01","sourcetimestamp":"2018-12-11T12:53:08.0000000Z","value":2694489.5}
{"displayname":"RealEnergyImport (kWh)","hwid":"PowerMeter-0a:01:01:01:01:01","sourcetimestamp":"2018-12-11T12:53:12.0000000Z","value":2694489.5}
{"displayname":"RealEnergyImport (kWh)","hwid":"PowerMeter-0a:01:01:01:01:01","sourcetimestamp":"2018-12-11T12:53:16.0000000Z","value":2694489.5}
{"displayname":"RealEnergyImport (kWh)","hwid":"PowerMeter-0a:01:01:01:01:01","sourcetimestamp":"2018-12-11T12:53:20.0000000Z","value":2694489.5}
{"displayname":"RealEnergyImport (kWh)","hwid":"PowerMeter-0a:01:01:01:01:01","sourcetimestamp":"2018-12-11T12:53:24.0000000Z","value":2694489.5}
{"displayname":"RealEnergyImport (kWh)","hwid":"PowerMeter-0a:01:01:01:01:01","sourcetimestamp":"2018-12-11T12:53:29.0000000Z","value":2694489.5}
{"displayname":"RealEnergyImport (kWh)","hwid":"PowerMeter-0a:01:01:01:01:01","sourcetimestamp":"2018-12-11T12:53:33.0000000Z","value":2694489.5}
{"displayname":"RealEnergyImport (kWh)","hwid":"PowerMeter-0a:01:01:01:01:01","sourcetimestamp":"2018-12-11T12:53:37.0000000Z","value":2694489.5}
{"displayname":"RealEnergyImport (kWh)","hwid":"PowerMeter-0a:01:01:01:01:01","sourcetimestamp":"2018-12-11T12:53:41.0000000Z","value":2694489.5}
{"displayname":"RealEnergyImport (kWh)","hwid":"PowerMeter-0a:01:01:01:01:01","sourcetimestamp":"2018-12-11T12:53:45.0000000Z","value":2694489.5}
{"displayname":"RealEnergyImport (kWh)","hwid":"PowerMeter-0a:01:01:01:01:01","sourcetimestamp":"2018-12-11T12:53:50.0000000Z","value":2694489.5}
{"displayname":"RealEnergyImport (kWh)","hwid":"PowerMeter-0a:01:01:01:01:01","sourcetimestamp":"2018-12-11T12:53:54.0000000Z","value":2694489.5}
{"displayname":"RealEnergyImport (kWh)","hwid":"PowerMeter-0a:01:01:01:01:01","sourcetimestamp":"2018-12-11T12:53:58.0000000Z","value":2694489.5}
{"displayname":"RealEnergyImport (kWh)","hwid":"PowerMeter-0a:01:01:01:01:01","sourcetimestamp":"2018-12-11T12:54:02.0000000Z","value":2694489.5}
{"displayname":"RealEnergyImport (kWh)","hwid":"PowerMeter-0a:01:01:01:01:01","sourcetimestamp":"2018-12-11T12:54:07.0000000Z","value":2694489.5}
{"displayname":"RealEnergyImport (kWh)","hwid":"PowerMeter-0a:01:01:01:01:01","sourcetimestamp":"2018-12-11T12:54:11.0000000Z","value":2694489.5}
{"displayname":"RealEnergyImport (kWh)","hwid":"PowerMeter-0a:01:01:01:01:01","sourcetimestamp":"2018-12-11T12:54:15.0000000Z","value":2694489.5}
{"displayname":"RealEnergyImport (kWh)","hwid":"PowerMeter-0a:01:01:01:01:01","sourcetimestamp":"2018-12-11T12:54:19.0000000Z","value":2694489.5}
{"displayname":"RealEnergyImport (kWh)","hwid":"PowerMeter-0a:01:01:01:01:01","sourcetimestamp":"2018-12-11T12:54:23.0000000Z","value":2694489.5}
{"displayname":"RealEnergyImport (kWh)","hwid":"PowerMeter-0a:01:01:01:01:01","sourcetimestamp":"2018-12-11T12:54:27.0000000Z","value":2694489.5}
{"displayname":"RealEnergyImport (kWh)","hwid":"PowerMeter-0a:01:01:01:01:01","sourcetimestamp":"2018-12-11T12:54:32.0000000Z","value":2694489.5}
{"displayname":"RealEnergyImport (kWh)","hwid":"PowerMeter-0a:01:01:01:01:01","sourcetimestamp":"2018-12-11T12:54:36.0000000Z","value":2694489.5}
{"displayname":"RealEnergyImport (kWh)","hwid":"PowerMeter-0a:01:01:01:01:01","sourcetimestamp":"2018-12-11T12:54:40.0000000Z","value":2694489.5}
{"displayname":"RealEnergyImport (kWh)","hwid":"PowerMeter-0a:01:01:01:01:01","sourcetimestamp":"2018-12-11T12:54:44.0000000Z","value":2694489.5}
{"displayname":"RealEnergyImport (kWh)","hwid":"PowerMeter-0a:01:01:01:01:01","sourcetimestamp":"2018-12-11T12:54:48.0000000Z","value":2694489.5}
{"displayname":"RealEnergyImport (kWh)","hwid":"PowerMeter-0a:01:01:01:01:01","sourcetimestamp":"2018-12-11T12:54:52.0000000Z","value":2694489.5}
{"displayname":"RealEnergyImport (kWh)","hwid":"PowerMeter-0a:01:01:01:01:01","sourcetimestamp":"2018-12-11T12:54:57.0000000Z","value":2694489.5}
{"displayname":"RealEnergyImport (kWh)","hwid":"PowerMeter-0a:01:01:01:01:01","sourcetimestamp":"2018-12-11T12:55:01.0000000Z","value":2694489.5}
{"displayname":"RealEnergyImport (kWh)","hwid":"PowerMeter-0a:01:01:01:01:01","sourcetimestamp":"2018-12-11T12:55:05.0000000Z","value":2694489.5}
{"displayname":"RealEnergyImport (kWh)","hwid":"PowerMeter-0a:01:01:01:01:01","sourcetimestamp":"2018-12-11T12:55:09.0000000Z","value":2694489.5}
{"displayname":"RealEnergyImport (kWh)","hwid":"PowerMeter-0a:01:01:01:01:01","sourcetimestamp":"2018-12-11T12:55:13.0000000Z","value":2694489.5}
{"displayname":"RealEnergyImport (kWh)","hwid":"PowerMeter-0a:01:01:01:01:01","sourcetimestamp":"2018-12-11T12:55:17.0000000Z","value":2694489.5}
{"displayname":"RealEnergyImport (kWh)","hwid":"PowerMeter-0a:01:01:01:01:01","sourcetimestamp":"2018-12-11T12:55:22.0000000Z","value":2694489.5}
{"displayname":"RealEnergyImport (kWh)","hwid":"PowerMeter-0a:01:01:01:01:01","sourcetimestamp":"2018-12-11T12:55:26.0000000Z","value":2694489.5}
{"displayname":"RealEnergyImport (kWh)","hwid":"PowerMeter-0a:01:01:01:01:01","sourcetimestamp":"2018-12-11T12:55:30.0000000Z","value":2694489.5}
{"displayname":"RealEnergyImport (kWh)","hwid":"PowerMeter-0a:01:01:01:01:01","sourcetimestamp":"2018-12-11T12:55:34.0000000Z","value":2694489.5}
{"displayname":"RealEnergyImport (kWh)","hwid":"PowerMeter-0a:01:01:01:01:01","sourcetimestamp":"2018-12-11T12:55:38.0000000Z","value":2694489.5}
{"displayname":"RealEnergyImport (kWh)","hwid":"PowerMeter-0a:01:01:01:01:01","sourcetimestamp":"2018-12-11T12:55:42.0000000Z","value":2694489.5}
{"displayname":"RealEnergyImport (kWh)","hwid":"PowerMeter-0a:01:01:01:01:01","sourcetimestamp":"2018-12-11T12:55:47.0000000Z","value":2694489.5}
{"displayname":"RealEnergyImport (kWh)","hwid":"PowerMeter-0a:01:01:01:01:01","sourcetimestamp":"2018-12-11T12:55:51.0000000Z","value":2694489.5}
{"displayname":"RealEnergyImport (kWh)","hwid":"PowerMeter-0a:01:01:01:01:01","sourcetimestamp":"2018-12-11T12:55:55.0000000Z","value":2694489.5}
{"displayname":"RealEnergyImport (kWh)","hwid":"PowerMeter-0a:01:01:01:01:01","sourcetimestamp":"2018-12-11T12:55:59.0000000Z","value":2694489.5}
{"displayname":"RealEnergyImport (kWh)","hwid":"PowerMeter-0a:01:01:01:01:01","sourcetimestamp":"2018-12-11T12:56:03.0000000Z","value":2694489.5}
{"displayname":"RealEnergyImport (kWh)","hwid":"PowerMeter-0a:01:01:01:01:01","sourcetimestamp":"2018-12-11T12:56:08.0000000Z","value":2694489.5}
{"displayname":"RealEnergyImport (kWh)","hwid":"PowerMeter-0a:01:01:01:01:01","sourcetimestamp":"2018-12-11T12:56:12.0000000Z","value":2694489.5}
{"displayname":"RealEnergyImport (kWh)","hwid":"PowerMeter-0a:01:01:01:01:01","sourcetimestamp":"2018-12-11T12:56:16.0000000Z","value":2694489.5}
{"displayname":"RealEnergyImport (kWh)","hwid":"PowerMeter-0a:01:01:01:01:01","sourcetimestamp":"2018-12-11T12:56:20.0000000Z","value":2694489.5}
{"displayname":"RealEnergyImport (kWh)","hwid":"PowerMeter-0a:01:01:01:01:01","sourcetimestamp":"2018-12-11T12:56:24.0000000Z","value":2694489.5}
{"displayname":"RealEnergyImport (kWh)","hwid":"PowerMeter-0a:01:01:01:01:01","sourcetimestamp":"2018-12-11T12:56:29.0000000Z","value":2694489.5}
{"displayname":"RealEnergyImport (kWh)","hwid":"PowerMeter-0a:01:01:01:01:01","sourcetimestamp":"2018-12-11T12:56:33.0000000Z","value":2694489.5}
{"displayname":"RealEnergyImport (kWh)","hwid":"PowerMeter-0a:01:01:01:01:01","sourcetimestamp":"2018-12-11T12:56:37.0000000Z","value":2694489.5}
{"displayname":"RealEnergyImport (kWh)","hwid":"PowerMeter-0a:01:01:01:01:01","sourcetimestamp":"2018-12-11T12:56:41.0000000Z","value":2694489.5}
{"displayname":"RealEnergyImport (kWh)","hwid":"PowerMeter-0a:01:01:01:01:01","sourcetimestamp":"2018-12-11T12:56:45.0000000Z","value":2694489.5}
{"displayname":"RealEnergyImport (kWh)","hwid":"PowerMeter-0a:01:01:01:01:01","sourcetimestamp":"2018-12-11T12:56:49.0000000Z","value":2694489.5}
{"displayname":"RealEnergyImport (kWh)","hwid":"PowerMeter-0a:01:01:01:01:01","sourcetimestamp":"2018-12-11T12:56:53.0000000Z","value":2694489.5}
{"displayname":"RealEnergyImport (kWh)","hwid":"PowerMeter-0a:01:01:01:01:01","sourcetimestamp":"2018-12-11T12:56:58.0000000Z","value":2694489.5}
{"displayname":"RealEnergyImport (kWh)","hwid":"PowerMeter-0a:01:01:01:01:01","sourcetimestamp":"2018-12-11T12:57:02.0000000Z","value":2694489.5}
{"displayname":"RealEnergyImport (kWh)","hwid":"PowerMeter-0a:01:01:01:01:01","sourcetimestamp":"2018-12-11T12:57:06.0000000Z","value":2694489.5}
{"displayname":"RealEnergyImport (kWh)","hwid":"PowerMeter-0a:01:01:01:01:01","sourcetimestamp":"2018-12-11T12:57:10.0000000Z","value":2694489.5}
{"displayname":"RealEnergyImport (kWh)","hwid":"PowerMeter-0a:01:01:01:01:01","sourcetimestamp":"2018-12-11T12:57:14.0000000Z","value":2694489.5}
{"displayname":"RealEnergyImport (kWh)","hwid":"PowerMeter-0a:01:01:01:01:01","sourcetimestamp":"2018-12-11T12:57:18.0000000Z","value":2694489.5}
{"displayname":"RealEnergyImport (kWh)","hwid":"PowerMeter-0a:01:01:01:01:01","sourcetimestamp":"2018-12-11T12:57:23.0000000Z","value":2694489.5}
{"displayname":"RealEnergyImport (kWh)","hwid":"PowerMeter-0a:01:01:01:01:01","sourcetimestamp":"2018-12-11T12:57:27.0000000Z","value":2694489.5}
{"displayname":"RealEnergyImport (kWh)","hwid":"PowerMeter-0a:01:01:01:01:01","sourcetimestamp":"2018-12-11T12:57:31.0000000Z","value":2694489.5}
{"displayname":"RealEnergyImport (kWh)","hwid":"PowerMeter-0a:01:01:01:01:01","sourcetimestamp":"2018-12-11T12:57:35.0000000Z","value":2694489.5}
{"displayname":"RealEnergyImport (kWh)","hwid":"PowerMeter-0a:01:01:01:01:01","sourcetimestamp":"2018-12-11T12:57:39.0000000Z","value":2694489.5}
{"displayname":"RealEnergyImport (kWh)","hwid":"PowerMeter-0a:01:01:01:01:01","sourcetimestamp":"2018-12-11T12:57:43.0000000Z","value":2694489.5}
{"displayname":"RealEnergyImport (kWh)","hwid":"PowerMeter-0a:01:01:01:01:01","sourcetimestamp":"2018-12-11T12:57:48.0000000Z","value":2694489.5}
{"displayname":"RealEnergyImport (kWh)","hwid":"PowerMeter-0a:01:01:01:01:01","sourcetimestamp":"2018-12-11T12:57:52.0000000Z","value":2694489.5}
{"displayname":"RealEnergyImport (kWh)","hwid":"PowerMeter-0a:01:01:01:01:01","sourcetimestamp":"2018-12-11T12:57:56.0000000Z","value":2694489.5}
{"displayname":"RealEnergyImport (kWh)","hwid":"PowerMeter-0a:01:01:01:01:01","sourcetimestamp":"2018-12-11T12:58:00.0000000Z","value":2694489.5}
{"displayname":"RealEnergyImport (kWh)","hwid":"PowerMeter-0a:01:01:01:01:01","sourcetimestamp":"2018-12-11T12:58:04.0000000Z","value":2694489.5}
{"displayname":"RealEnergyImport (kWh)","hwid":"PowerMeter-0a:01:01:01:01:01","sourcetimestamp":"2018-12-11T12:58:09.0000000Z","value":2694489.5}
{"displayname":"RealEnergyImport (kWh)","hwid":"PowerMeter-0a:01:01:01:01:01","sourcetimestamp":"2018-12-11T12:58:13.0000000Z","value":2694489.5}
{"displayname":"RealEnergyImport (kWh)","hwid":"PowerMeter-0a:01:01:01:01:01","sourcetimestamp":"2018-12-11T12:58:17.0000000Z","value":2694489.5}
{"displayname":"RealEnergyImport (kWh)","hwid":"PowerMeter-0a:01:01:01:01:01","sourcetimestamp":"2018-12-11T12:58:21.0000000Z","value":2694489.5}
{"displayname":"RealEnergyImport (kWh)","hwid":"PowerMeter-0a:01:01:01:01:01","sourcetimestamp":"2018-12-11T12:58:25.0000000Z","value":2694489.5}
{"displayname":"RealEnergyImport (kWh)","hwid":"PowerMeter-0a:01:01:01:01:01","sourcetimestamp":"2018-12-11T12:58:29.0000000Z","value":2694489.5}
{"displayname":"RealEnergyImport (kWh)","hwid":"PowerMeter-0a:01:01:01:01:01","sourcetimestamp":"2018-12-11T12:58:33.0000000Z","value":2694489.5}
{"displayname":"RealEnergyImport (kWh)","hwid":"PowerMeter-0a:01:01:01:01:01","sourcetimestamp":"2018-12-11T12:58:38.0000000Z","value":2694489.5}
{"displayname":"RealEnergyImport (kWh)","hwid":"PowerMeter-0a:01:01:01:01:01","sourcetimestamp":"2018-12-11T12:58:42.0000000Z","value":2694489.5}
{"displayname":"RealEnergyImport (kWh)","hwid":"PowerMeter-0a:01:01:01:01:01","sourcetimestamp":"2018-12-11T12:58:46.0000000Z","value":2694489.5}
{"displayname":"RealEnergyImport (kWh)","hwid":"PowerMeter-0a:01:01:01:01:01","sourcetimestamp":"2018-12-11T12:58:50.0000000Z","value":2694489.5}
{"displayname":"RealEnergyImport (kWh)","hwid":"PowerMeter-0a:01:01:01:01:01","sourcetimestamp":"2018-12-11T12:58:54.0000000Z","value":2694489.5}
{"displayname":"RealEnergyImport (kWh)","hwid":"PowerMeter-0a:01:01:01:01:01","sourcetimestamp":"2018-12-11T12:58:58.0000000Z","value":2694489.5}
{"displayname":"RealEnergyImport (kWh)","hwid":"PowerMeter-0a:01:01:01:01:01","sourcetimestamp":"2018-12-11T12:59:03.0000000Z","value":2694489.5}
{"displayname":"RealEnergyImport (kWh)","hwid":"PowerMeter-0a:01:01:01:01:01","sourcetimestamp":"2018-12-11T12:59:07.0000000Z","value":2694489.5}
{"displayname":"RealEnergyImport (kWh)","hwid":"PowerMeter-0a:01:01:01:01:01","sourcetimestamp":"2018-12-11T12:59:11.0000000Z","value":2694489.5}
{"displayname":"RealEnergyImport (kWh)","hwid":"PowerMeter-0a:01:01:01:01:01","sourcetimestamp":"2018-12-11T12:59:15.0000000Z","value":2694489.5}
{"displayname":"RealEnergyImport (kWh)","hwid":"PowerMeter-0a:01:01:01:01:01","sourcetimestamp":"2018-12-11T12:59:19.0000000Z","value":2694489.5}
{"displayname":"RealEnergyImport (kWh)","hwid":"PowerMeter-0a:01:01:01:01:01","sourcetimestamp":"2018-12-11T12:59:23.0000000Z","value":2694489.5}
{"displayname":"RealEnergyImport (kWh)","hwid":"PowerMeter-0a:01:01:01:01:01","sourcetimestamp":"2018-12-11T12:59:28.0000000Z","value":2694489.5}
{"displayname":"RealEnergyImport (kWh)","hwid":"PowerMeter-0a:01:01:01:01:01","sourcetimestamp":"2018-12-11T12:59:32.0000000Z","value":2694489.5}
{"displayname":"RealEnergyImport (kWh)","hwid":"PowerMeter-0a:01:01:01:01:01","sourcetimestamp":"2018-12-11T12:59:36.0000000Z","value":2694489.5}
{"displayname":"RealEnergyImport (kWh)","hwid":"PowerMeter-0a:01:01:01:01:01","sourcetimestamp":"2018-12-11T12:59:40.0000000Z","value":2694489.5}
{"displayname":"RealEnergyImport (kWh)","hwid":"PowerMeter-0a:01:01:01:01:01","sourcetimestamp":"2018-12-11T12:59:44.0000000Z","value":2694489.5}
{"displayname":"RealEnergyImport (kWh)","hwid":"PowerMeter-0a:01:01:01:01:01","sourcetimestamp":"2018-12-11T12:59:48.0000000Z","value":2694489.5}
{"displayname":"RealEnergyImport (kWh)","hwid":"PowerMeter-0a:01:01:01:01:01","sourcetimestamp":"2018-12-11T12:59:53.0000000Z","value":2694489.5}
{"displayname":"RealEnergyImport (kWh)","hwid":"PowerMeter-0a:01:01:01:01:01","sourcetimestamp":"2018-12-11T12:59:57.0000000Z","value":2694489.5}
{"displayname":"RealEnergyImport (kWh)","hwid":"PowerMeter-0a:01:01:01:01:01","sourcetimestamp":"2018-12-11T13:00:01.0000000Z","value":2694489.5}
{"displayname":"RealEnergyImport (kWh)","hwid":"PowerMeter-0a:01:01:01:01:01","sourcetimestamp":"2018-12-11T13:00:05.0000000Z","value":2694489.5}